Alt1_ch,Alt2_ch,Alt3_ch,IVTT_DA,IVTT_SR,IVTT_TR,OVTT_DA,OVTT_SR,OVTT_TR,COST_DA,COST_SR,COST_TR,AGE45
1,0,0,31.53,35.37,48.86,6.79,13.44,15.75,9.52,7.4,4.28,0
1,0,0,17.61,28.8,34.74,6.11,9.38,21.16,10.85,4.68,2.97,1
0,0,1,27.25,36.28,37.51,4.31,8.42,16.09,7.64,6.07,4.39,1
0,0,1,26.18,36.64,35.24,2.05,10.46,11.73,10.77,4.05,3.4,0
1,0,0,22.79,33.7,39.18,5.97,5.91,10.03,3.54,5.41,3.73,0
0,0,1,36.7,44.85,49.12,4.29,12.57,18.99,3.65,3.38,4.97,0
1,0,0,29.88,37.53,43.06,7.88,10.82,26.74,8.49,3.11,1.93,0
1,0,0,17.43,24.31,25.81,2.19,6.87,21.45,9.6,5.05,3.5,1
0,0,1,21.61,27.46,32.72,6.68,6.88,29.98,13.65,4.49,2.84,1
1,0,0,35.5,42.41,43.9,9.53,6.84,15.74,4.26,5.06,1.16,1
1,0,0,17.28,27.25,35.83,3.4,5.57,15.61,12.87,3.01,1.06,0
1,0,0,40.54,48.95,51.46,5.77,10.88,13.19,5.52,3.57,1.48,1
1,0,0,29.85,40.89,44.54,2.73,13.4,13.28,7.73,1.59,3.6,1
1,0,0,29.42,36.41,37.89,7.01,5.17,15.7,6.8,1.37,3.27,0
1,0,0,32.77,41.24,48.77,6.4,5.49,25.86,7.8,2.77,3.21,0
0,0,1,39.74,48.42,51.62,5.26,10.73,28.12,4.81,1.52,1.13,0
1,0,0,25.43,33.76,44.21,6.17,13.19,29.5,9.04,1.73,2.88,0
1,0,0,35.34,44.66,54.0,9.17,8.27,14.65,12.62,6.69,4.7,0
0,0,1,31.97,37.11,43.88,3.57,8.5,27.63,8.3,1.27,2.59,0
1,0,0,23.01,30.62,41.82,2.18,10.96,16.57,8.89,5.61,3.5,0
1,0,0,41.36,45.3,61.31,8.89,7.74,12.26,13.19,2.91,4.12,1
1,0,0,38.92,45.38,56.83,6.62,5.27,27.4,11.47,7.1,4.14,0
1,0,0,34.75,42.14,52.89,9.13,12.35,22.72,8.89,4.39,3.08,0
1,0,0,40.52,49.39,51.51,6.78,11.26,13.29,6.09,3.14,4.43,0
1,0,0,41.02,52.57,55.94,8.48,10.81,18.6,13.62,4.62,2.57,0
1,0,0,36.25,44.66,45.06,5.44,12.42,15.75,9.92,3.67,4.55,1
1,0,0,40.11,49.8,49.25,8.0,11.75,24.74,5.65,4.95,1.96,0
1,0,0,35.92,43.48,55.91,9.3,7.06,19.07,6.23,1.8,2.12,0
0,1,0,35.4,44.11,47.32,6.58,8.52,29.79,12.64,7.98,1.21,0
1,0,0,33.56,37.2,50.54,3.45,6.26,11.09,3.53,3.98,4.18,0
1,0,0,37.58,42.87,55.26,4.15,6.3,17.1,14.91,3.44,2.67,1
1,0,0,19.76,26.01,38.05,3.59,11.76,19.64,4.56,5.97,1.92,0
0,0,1,41.43,48.68,61.4,3.97,13.59,20.06,12.55,3.55,1.93,0
1,0,0,41.16,44.57,52.05,4.45,14.63,16.32,7.74,6.83,4.61,1
0,0,1,15.88,20.14,24.36,6.44,11.28,24.58,8.91,4.18,4.34,1
1,0,0,39.77,45.27,52.71,6.7,6.84,27.49,13.57,6.04,3.21,1
0,0,1,18.87,30.61,28.43,5.41,6.06,28.77,7.95,1.75,3.46,0
1,0,0,25.05,31.04,33.32,6.92,13.13,26.1,9.45,6.92,2.9,0
1,0,0,37.31,44.64,49.63,2.65,10.79,27.01,3.59,6.15,2.57,1
1,0,0,19.82,24.59,37.23,2.7,11.18,21.01,3.03,2.48,4.66,0
1,0,0,39.54,48.04,54.33,3.37,12.81,26.52,5.94,2.02,1.5,0
1,0,0,39.96,45.49,51.72,6.14,12.03,16.07,11.17,3.21,2.67,0
1,0,0,30.22,35.09,46.08,3.71,13.34,17.97,4.46,7.83,2.38,0
1,0,0,15.19,22.84,25.98,4.27,5.56,16.34,4.37,2.8,2.99,1
1,0,0,23.61,26.66,31.78,5.2,12.48,19.35,7.93,4.19,2.83,0
1,0,0,33.51,36.58,50.68,8.49,13.51,15.71,10.77,1.21,3.08,1
1,0,0,44.44,49.41,59.92,2.11,7.86,29.23,11.54,3.78,1.56,0
1,0,0,33.95,37.28,51.1,7.2,11.4,16.26,5.14,5.0,3.05,0
1,0,0,22.79,26.77,31.26,7.35,8.14,11.96,3.96,7.67,1.97,0
1,0,0,34.02,40.07,52.07,8.39,14.58,20.54,14.28,4.62,1.74,0
1,0,0,31.2,41.42,46.63,9.46,5.33,11.14,6.13,6.73,1.26,1
1,0,0,38.4,46.54,53.16,2.16,10.8,12.21,13.24,4.83,4.05,1
1,0,0,18.21,25.82,33.7,3.23,6.67,14.39,13.36,1.29,2.71,1
1,0,0,37.83,43.47,56.2,9.09,12.12,19.29,12.27,3.21,3.51,1
1,0,0,31.24,42.62,46.28,5.67,6.76,18.67,5.03,5.03,3.91,0
1,0,0,43.89,50.46,58.86,6.52,7.35,25.99,12.86,7.65,3.72,1
0,0,1,25.26,29.04,45.14,7.3,9.94,24.79,12.23,7.01,2.88,0
1,0,0,33.98,42.53,51.06,7.43,14.15,18.53,10.16,2.6,2.55,0
1,0,0,42.96,46.99,56.27,9.45,7.12,16.67,7.05,2.54,2.5,0
1,0,0,18.08,24.18,34.56,9.98,6.44,16.33,6.15,2.41,3.56,0
1,0,0,43.12,50.68,55.79,7.76,12.59,25.48,4.46,7.46,2.98,0
1,0,0,35.64,46.5,46.38,4.3,10.01,11.04,9.12,6.97,4.4,0
1,0,0,17.04,24.48,32.2,9.04,14.12,10.26,10.02,6.42,4.5,1
0,0,1,24.03,33.35,43.17,2.39,6.47,25.91,7.31,3.75,1.68,0
0,0,1,36.25,48.18,55.39,3.85,11.46,19.54,8.7,4.53,1.54,0
0,1,0,17.02,21.2,29.12,9.18,7.33,12.62,7.36,4.25,3.52,0
1,0,0,32.47,37.94,46.8,4.05,6.57,14.71,10.69,2.77,2.2,0
1,0,0,25.38,31.93,35.92,3.77,11.83,28.65,13.82,4.54,1.07,1
1,0,0,33.63,40.42,53.58,3.11,10.94,27.19,4.97,1.21,4.55,0
0,0,1,16.37,23.07,36.15,8.87,12.55,24.2,7.58,1.92,1.91,1
1,0,0,41.15,52.31,56.94,6.0,8.09,19.64,4.69,7.21,4.72,1
1,0,0,44.2,53.63,61.86,7.4,9.48,20.41,10.5,6.26,3.87,0
1,0,0,44.07,52.54,60.65,3.91,9.05,29.5,11.75,3.96,4.05,0
1,0,0,37.49,43.27,52.61,8.06,14.84,29.32,14.18,4.62,1.81,1
0,0,1,18.9,29.32,27.54,8.08,7.92,14.31,6.35,3.59,1.94,1
1,0,0,37.75,49.34,51.21,4.5,7.95,26.22,14.4,6.19,3.09,1
1,0,0,15.74,26.13,31.84,5.29,8.55,13.94,3.76,6.49,1.69,1
1,0,0,15.66,18.68,31.79,3.68,10.65,14.27,10.24,6.34,2.22,0
0,1,0,24.71,33.44,37.19,9.81,7.52,23.52,3.69,6.06,2.29,0
1,0,0,29.66,33.12,48.96,7.16,14.15,18.1,13.73,2.43,1.64,0
0,1,0,38.11,43.43,48.12,9.48,7.66,28.63,9.36,3.37,1.82,1
1,0,0,35.5,39.03,49.5,4.43,13.96,11.78,11.03,4.29,4.15,1
0,0,1,28.38,36.81,44.67,8.26,6.03,20.23,12.98,3.32,1.67,0
1,0,0,23.21,32.39,39.57,8.13,11.57,28.37,4.8,6.28,1.11,0
1,0,0,44.91,48.94,60.7,7.53,14.07,28.08,3.46,3.31,3.52,0
1,0,0,27.79,34.24,39.09,9.73,6.69,13.13,13.55,1.97,4.9,0
1,0,0,28.54,35.65,38.42,5.15,14.68,17.33,6.78,3.79,2.32,1
1,0,0,19.91,26.23,35.54,3.05,9.53,22.38,4.55,7.86,1.47,1
0,0,1,38.84,42.93,54.04,7.37,14.46,13.19,8.62,2.58,3.28,1
1,0,0,35.81,42.58,45.96,7.83,11.77,29.36,10.18,5.29,4.63,0
1,0,0,21.62,31.38,38.08,6.6,8.02,28.29,3.37,4.03,4.14,0
1,0,0,17.47,21.11,30.93,3.65,6.88,13.34,6.3,1.5,3.49,1
1,0,0,35.41,39.14,51.43,6.04,8.04,12.42,3.39,4.42,2.26,1
0,0,1,34.64,40.83,52.68,4.5,5.93,11.71,8.04,5.92,3.17,0
1,0,0,23.2,34.67,33.23,5.42,6.44,28.19,13.74,4.59,1.36,1
0,0,1,43.53,52.54,51.76,7.16,6.05,13.87,14.79,7.1,3.72,0
0,0,1,19.53,28.64,36.88,7.96,9.23,18.33,10.64,3.02,3.9,0
1,0,0,27.97,34.23,43.29,3.86,12.96,18.98,4.94,1.6,4.86,0
1,0,0,43.31,51.65,59.7,5.24,6.41,21.98,13.87,7.56,2.04,0
0,0,1,27.59,30.68,45.65,4.15,6.3,11.43,9.19,3.65,1.07,0
1,0,0,34.16,42.88,51.79,3.59,11.43,14.54,4.84,5.03,3.18,0
1,0,0,26.93,38.15,46.46,8.27,6.97,28.63,14.06,6.54,3.83,1
1,0,0,23.23,31.74,37.66,9.27,5.98,28.17,12.09,3.27,4.16,0
1,0,0,44.52,55.38,58.38,4.96,6.67,25.63,11.78,6.01,1.77,0
0,1,0,27.28,36.8,40.1,8.01,14.24,10.39,11.51,1.95,2.05,1
1,0,0,41.82,45.91,51.67,9.18,13.21,16.54,5.4,3.04,3.05,0
1,0,0,21.9,33.02,36.77,8.77,8.54,22.56,5.53,2.01,2.32,0
0,0,1,21.39,24.99,32.72,3.46,11.56,15.5,11.26,6.68,4.44,1
1,0,0,15.93,23.74,34.99,9.65,10.37,28.19,5.64,2.56,2.9,0
1,0,0,34.55,38.83,49.55,5.01,11.77,22.68,8.26,6.02,4.2,0
0,1,0,26.06,29.16,41.17,4.71,11.83,11.44,12.38,7.6,3.32,0
1,0,0,40.93,47.73,53.19,2.5,11.29,28.18,12.41,4.69,4.09,0
1,0,0,29.2,34.85,37.82,5.89,7.66,29.16,8.44,4.78,2.33,1
1,0,0,44.05,51.42,52.43,2.87,5.39,11.55,12.51,4.23,4.33,1
1,0,0,20.57,28.76,33.65,3.99,9.56,20.65,13.06,3.28,2.1,1
1,0,0,41.06,44.45,50.07,4.54,13.91,16.07,10.86,4.33,3.18,1
1,0,0,38.3,42.4,53.58,8.47,10.69,17.86,5.74,5.22,1.86,1
0,0,1,38.13,46.16,56.7,9.0,13.32,13.59,6.29,7.9,2.9,0
1,0,0,40.34,46.43,58.94,4.42,14.92,21.56,6.78,7.56,2.27,1
0,0,1,37.83,47.39,53.74,8.87,6.64,29.16,4.4,7.04,2.07,0
0,0,1,33.79,42.66,44.32,8.86,11.92,20.06,6.28,7.22,4.87,1
1,0,0,18.94,29.55,37.29,8.12,11.74,11.66,5.51,4.27,1.64,1
1,0,0,15.98,25.21,34.61,3.17,14.8,22.4,8.46,5.6,4.15,0
1,0,0,42.63,49.49,52.99,7.52,14.86,16.8,13.9,7.27,4.94,0
0,0,1,33.5,42.56,50.35,9.56,11.87,27.12,4.25,3.75,1.08,0
1,0,0,38.9,44.37,50.33,7.46,7.44,18.69,11.64,7.73,3.8,0
1,0,0,29.45,35.2,47.08,4.65,12.99,13.86,11.25,3.91,2.01,1
1,0,0,18.52,28.62,38.49,6.0,6.07,13.82,4.15,5.21,1.16,1
1,0,0,18.76,25.77,27.12,7.17,12.81,25.38,14.07,5.97,2.61,0
1,0,0,35.57,45.75,54.34,6.08,14.1,15.31,9.82,7.65,4.74,0
1,0,0,27.91,38.31,43.38,2.96,8.83,25.34,7.36,2.71,1.05,0
1,0,0,21.02,31.73,40.7,4.5,11.31,14.12,12.08,6.22,3.35,0
1,0,0,29.75,41.0,43.33,8.42,9.3,16.43,6.09,4.65,3.01,0
1,0,0,16.93,23.81,35.09,8.89,9.38,19.31,11.32,2.88,4.49,0
1,0,0,32.46,38.33,41.21,3.1,8.1,28.86,3.48,6.44,1.34,1
1,0,0,23.07,31.31,35.09,9.62,12.62,28.63,13.07,4.87,3.73,0
1,0,0,38.93,45.27,47.73,4.63,14.36,14.14,8.38,5.63,3.72,0
0,1,0,24.31,32.72,44.01,7.3,14.41,17.16,10.64,3.26,3.68,1
0,0,1,28.66,38.01,46.46,8.01,6.75,12.99,5.65,4.37,4.77,0
1,0,0,15.35,24.54,33.58,8.5,13.75,20.2,11.12,5.32,4.29,1
1,0,0,17.17,23.54,36.43,9.57,12.37,19.21,12.27,3.83,1.17,1
1,0,0,26.77,31.28,35.8,4.5,7.53,28.02,8.68,2.39,2.88,0
1,0,0,29.4,36.27,42.03,8.87,5.67,28.6,10.41,7.73,2.59,0
1,0,0,33.0,37.28,41.85,3.05,7.68,17.67,8.48,4.58,2.24,0
0,1,0,23.75,34.76,34.28,7.64,14.12,19.83,13.73,6.14,2.81,0
1,0,0,35.85,41.96,46.6,7.94,11.33,27.92,8.97,3.88,2.54,0
1,0,0,40.8,45.19,54.43,7.42,12.21,26.13,13.1,3.49,2.73,1
1,0,0,38.4,41.62,49.62,4.02,7.57,10.07,12.62,3.85,4.92,0
1,0,0,16.19,25.0,25.4,8.98,12.19,16.4,7.93,3.86,1.35,0
1,0,0,29.42,38.15,39.43,3.35,5.28,18.44,5.76,4.81,4.69,0
1,0,0,18.15,24.21,27.92,2.43,8.75,14.59,7.87,4.8,2.92,1
1,0,0,22.26,25.91,41.94,7.74,11.27,13.99,12.91,4.48,3.49,0
0,0,1,44.6,51.29,61.71,5.8,6.46,10.76,5.73,1.94,4.32,0
1,0,0,19.27,25.08,38.89,8.79,13.23,22.87,9.29,4.47,2.44,0
0,0,1,29.97,39.06,43.24,5.07,7.35,15.25,12.67,2.18,2.72,1
1,0,0,33.54,42.0,44.89,3.35,11.52,11.05,7.24,1.88,2.64,0
1,0,0,36.07,42.36,53.65,8.69,9.05,14.62,10.71,7.53,2.5,1
1,0,0,31.79,36.75,43.7,6.39,10.96,26.04,5.95,5.23,4.7,1
1,0,0,15.29,27.19,26.89,3.51,6.07,27.03,4.31,5.62,4.32,0
1,0,0,24.79,31.88,35.58,7.76,5.17,19.66,12.53,3.81,1.44,1
1,0,0,30.53,39.73,40.09,6.09,14.1,18.32,4.19,7.36,1.43,0
1,0,0,17.64,21.9,28.71,6.83,7.7,29.56,6.26,5.47,2.71,1
1,0,0,25.52,32.89,37.78,5.69,13.2,14.01,13.26,6.38,1.39,1
1,0,0,16.0,19.24,32.08,8.63,14.99,14.31,7.16,3.58,3.48,0
1,0,0,17.36,24.91,26.11,8.64,7.11,15.84,14.68,7.72,1.57,0
1,0,0,26.91,38.58,37.43,7.68,7.65,13.46,14.76,6.74,3.09,1
0,0,1,18.98,25.44,36.69,2.84,11.63,17.59,6.22,6.98,1.03,0
1,0,0,32.03,35.38,41.79,8.71,14.65,28.22,3.49,2.21,2.27,0
1,0,0,35.68,38.96,47.8,7.37,14.16,22.31,11.46,2.9,3.71,0
1,0,0,39.02,45.51,57.39,7.58,10.03,18.24,8.41,3.0,2.94,0
1,0,0,21.0,25.44,30.86,4.9,12.95,28.69,4.21,2.9,4.91,1
1,0,0,20.02,23.23,29.02,9.03,6.36,10.97,11.49,6.99,4.5,0
0,0,1,18.14,27.94,31.95,7.8,14.77,14.21,3.37,1.22,2.44,0
1,0,0,34.09,41.22,45.72,2.9,14.64,21.32,13.44,1.53,1.18,0
0,1,0,36.19,41.8,50.96,5.26,6.64,22.31,4.66,2.92,4.38,1
1,0,0,15.95,27.05,33.59,9.09,7.99,10.79,4.53,2.4,4.64,0
1,0,0,43.09,47.13,52.73,2.38,6.0,18.06,5.11,2.62,4.28,1
1,0,0,16.56,28.16,31.53,9.69,7.72,22.98,14.52,6.59,1.51,0
1,0,0,31.24,37.06,45.3,7.43,13.16,23.96,11.32,4.94,4.99,1
1,0,0,36.27,47.27,46.0,7.05,8.78,22.76,12.62,1.04,2.03,0
1,0,0,41.13,49.56,56.62,4.16,5.88,16.41,7.77,4.01,3.9,0
1,0,0,36.42,46.86,47.71,3.99,8.42,11.87,7.04,3.86,4.63,0
0,0,1,39.05,50.91,52.91,9.54,14.81,18.54,5.81,1.8,1.94,1
1,0,0,25.18,30.78,34.17,4.39,11.3,12.58,8.77,5.73,4.63,1
0,1,0,39.44,51.09,52.96,8.2,9.16,28.95,9.62,5.91,2.24,0
1,0,0,17.4,23.91,29.08,5.14,6.67,19.5,10.58,6.05,4.91,1
1,0,0,41.84,48.31,59.71,3.11,14.86,16.35,6.09,6.1,2.13,1
0,0,1,31.43,37.49,40.11,2.09,13.21,25.33,14.38,1.0,4.81,0
0,0,1,39.52,47.39,52.54,6.35,7.81,19.96,5.04,7.68,1.21,0
0,1,0,28.57,32.96,42.07,9.81,5.7,16.2,14.59,6.7,3.84,0
1,0,0,34.31,42.29,51.01,4.95,5.57,26.24,3.18,7.33,3.13,0
1,0,0,30.79,38.67,45.68,4.86,6.2,27.34,8.77,1.11,2.91,1
1,0,0,36.95,46.8,52.95,4.75,10.81,23.46,7.0,7.54,1.89,1
1,0,0,17.45,27.95,34.77,6.16,14.29,10.94,8.39,6.67,3.82,1
1,0,0,16.81,23.77,35.16,5.53,9.97,21.33,9.85,6.86,1.76,0
0,1,0,22.41,28.13,34.18,9.04,13.43,25.27,8.23,1.65,3.21,0
0,0,1,19.79,25.12,34.24,6.04,9.46,12.73,7.98,6.17,2.01,1
1,0,0,41.15,45.91,59.23,6.06,12.09,14.57,11.79,7.72,4.82,1
1,0,0,21.58,25.1,41.45,3.11,12.32,27.65,11.23,5.75,1.11,1
0,0,1,44.28,50.36,62.95,9.86,6.74,10.4,13.0,4.99,1.8,1
1,0,0,25.11,30.54,37.56,4.0,8.61,25.05,6.0,7.62,1.97,1
1,0,0,20.46,32.16,30.81,2.59,11.37,19.48,10.31,4.1,2.66,0
1,0,0,38.69,46.71,52.56,7.31,5.71,18.94,10.02,5.2,1.93,0
1,0,0,34.76,40.89,51.66,6.76,8.62,10.14,7.44,4.33,2.97,1
0,0,1,29.95,38.17,43.86,5.32,10.35,26.39,8.83,7.53,4.49,1
1,0,0,31.66,35.91,45.46,5.38,14.96,17.2,6.77,1.53,3.85,0
1,0,0,36.58,43.57,54.63,8.28,9.75,20.82,4.7,4.51,3.32,0
1,0,0,21.85,30.49,34.19,3.57,13.16,23.55,5.57,5.81,1.36,1
0,0,1,44.89,52.29,63.21,8.56,9.32,24.05,4.27,6.54,3.78,0
0,1,0,44.24,50.86,57.13,7.19,12.96,29.12,11.2,5.08,1.67,0
1,0,0,34.51,46.45,46.45,5.35,10.95,20.63,10.93,7.36,4.15,0
1,0,0,20.99,31.91,34.43,5.66,13.87,17.99,14.41,7.59,2.0,1
1,0,0,35.41,44.02,52.56,4.05,9.11,29.07,11.76,1.45,2.67,1
1,0,0,17.17,25.29,26.68,8.02,11.04,22.84,3.62,3.82,2.4,0
1,0,0,15.92,24.51,26.28,6.1,11.3,15.96,13.61,1.16,4.44,1
1,0,0,22.73,27.54,42.15,4.57,9.17,12.53,13.35,3.31,1.51,0
1,0,0,28.88,35.43,38.98,6.77,6.44,26.85,8.32,4.76,3.26,0
1,0,0,41.05,44.4,55.86,9.97,5.94,17.24,10.03,7.38,1.57,1
1,0,0,36.82,44.09,51.77,5.48,5.17,23.21,14.71,6.93,3.82,1
0,0,1,37.28,45.17,51.16,9.37,13.74,19.42,9.39,1.89,4.62,1
1,0,0,27.76,32.81,43.5,4.76,7.36,13.98,13.86,1.65,2.74,1
1,0,0,25.38,37.05,36.14,2.44,7.12,22.03,4.0,5.12,2.95,0
0,0,1,26.13,37.32,40.76,3.63,12.36,11.21,5.29,4.72,4.71,0
1,0,0,44.63,54.13,57.1,5.35,8.2,18.27,8.29,2.86,3.08,0
1,0,0,16.2,24.0,32.14,3.76,10.06,20.93,10.02,7.3,2.95,0
1,0,0,41.01,51.84,50.71,2.0,6.63,18.72,12.79,7.49,3.31,0
1,0,0,32.36,36.54,47.21,9.32,14.6,24.97,14.86,3.82,3.76,1
1,0,0,28.16,38.27,38.38,8.75,13.52,26.56,7.67,7.23,1.43,0
1,0,0,36.76,40.88,48.1,7.94,13.64,25.42,3.57,3.69,4.28,1
0,0,1,29.6,39.75,40.22,3.34,9.07,10.78,12.61,6.16,2.74,1
1,0,0,41.2,46.68,51.4,2.96,12.62,13.88,10.25,4.33,1.29,1
1,0,0,42.02,52.91,59.93,2.54,6.44,20.73,5.38,1.86,4.14,0
1,0,0,27.65,39.15,39.08,7.79,5.09,28.7,8.94,7.5,2.51,0
1,0,0,23.3,27.64,42.43,9.43,5.2,26.7,11.91,4.18,1.4,0
1,0,0,32.77,39.93,52.41,5.44,10.87,26.85,12.24,6.14,3.54,0
1,0,0,42.37,54.2,57.23,2.95,9.55,16.06,9.0,3.57,4.52,1
1,0,0,21.32,28.67,31.04,6.1,10.18,18.59,6.66,1.13,4.55,0
1,0,0,33.69,44.46,46.18,4.79,5.07,19.41,14.68,1.7,4.83,0
1,0,0,33.95,42.25,51.52,5.0,9.23,13.15,10.96,4.47,4.47,1
1,0,0,36.99,43.37,49.4,6.97,12.18,10.62,7.9,5.83,1.01,0
0,0,1,18.95,24.52,27.99,7.75,9.43,28.94,6.37,3.34,2.52,1
1,0,0,36.47,41.3,51.16,2.88,12.32,14.81,11.77,5.87,4.27,1
1,0,0,42.27,52.13,60.41,2.28,7.33,14.8,5.91,5.89,2.47,1
0,1,0,20.39,26.87,37.94,9.95,13.13,11.67,5.06,5.93,3.41,0
1,0,0,22.13,29.73,32.23,3.86,10.88,28.57,9.36,4.45,3.43,0
1,0,0,44.14,51.57,60.22,2.43,7.11,21.59,6.48,7.4,2.46,1
1,0,0,20.43,28.62,31.08,3.52,7.37,23.34,10.55,4.42,4.62,0
1,0,0,40.63,51.42,51.25,2.31,11.28,28.23,4.42,4.15,3.01,1
1,0,0,29.77,41.59,48.26,5.13,13.3,16.91,10.86,2.4,2.86,1
0,0,1,22.42,29.09,33.41,8.42,9.16,22.43,6.4,3.15,4.99,1
1,0,0,41.12,51.57,52.28,4.73,7.58,10.78,3.0,1.3,2.97,0
0,0,1,28.36,38.24,36.37,5.55,13.67,13.74,4.52,5.43,1.71,0
1,0,0,30.44,38.61,48.89,7.4,11.69,26.62,14.2,2.74,3.05,1
1,0,0,25.78,37.38,43.29,6.07,9.48,25.34,13.41,3.13,4.26,0
1,0,0,32.79,37.59,48.32,8.89,9.88,17.01,5.8,6.4,4.11,0
0,1,0,19.91,23.89,36.91,8.93,7.04,17.54,12.34,3.29,4.15,0
0,0,1,26.73,37.42,36.56,2.08,11.27,20.67,10.3,2.7,3.83,1
1,0,0,44.08,51.03,57.58,8.22,8.59,10.0,14.65,2.18,2.02,1
1,0,0,22.74,33.37,34.96,5.69,14.96,14.82,7.48,6.42,4.45,0
1,0,0,34.7,45.74,43.83,9.91,9.8,14.16,11.18,1.91,4.57,0
1,0,0,24.76,28.32,38.59,5.87,9.86,15.01,3.76,4.18,1.78,1
1,0,0,38.2,49.16,57.25,9.9,10.66,26.12,7.75,4.55,1.52,1
0,0,1,18.93,25.96,27.41,8.04,14.17,15.59,14.57,5.81,4.9,0
1,0,0,44.09,51.69,55.59,3.99,13.01,13.83,9.47,5.43,4.47,0
1,0,0,28.61,37.25,39.1,6.31,9.51,20.09,6.45,6.68,4.57,1
1,0,0,22.08,33.42,32.94,9.94,12.19,27.31,4.44,1.31,4.55,1
1,0,0,17.2,20.38,36.11,8.86,10.86,14.83,11.44,3.08,3.17,1
1,0,0,20.09,27.38,33.71,2.78,9.92,11.57,10.74,2.96,3.59,1
1,0,0,30.59,39.78,44.19,7.65,6.92,17.13,7.49,2.02,3.18,0
0,1,0,25.11,34.61,42.24,4.76,9.64,24.95,14.41,3.02,1.2,0
1,0,0,39.87,49.1,49.72,2.06,7.46,21.01,3.27,3.17,3.98,1
1,0,0,27.93,32.14,41.77,5.23,14.15,26.34,6.64,4.65,3.02,1
1,0,0,22.46,28.16,35.62,3.88,8.35,29.19,14.05,5.65,3.59,1
1,0,0,33.51,39.74,48.68,8.55,14.52,25.85,6.85,3.67,3.01,1
1,0,0,36.2,46.44,56.2,4.7,10.33,22.08,6.03,6.04,2.97,0
1,0,0,20.01,25.52,37.24,8.62,11.32,19.87,9.41,3.35,1.69,0
1,0,0,20.03,24.92,32.8,2.0,10.43,10.8,12.89,3.03,2.11,1
0,1,0,16.1,27.72,34.03,4.46,6.29,29.69,4.24,4.79,1.64,1
1,0,0,37.09,40.17,47.14,3.93,8.76,17.67,14.32,1.17,1.78,1
1,0,0,34.91,46.89,43.28,3.87,5.99,13.04,12.54,1.56,4.89,1
0,0,1,29.24,38.33,39.69,2.55,11.23,23.33,5.18,3.93,1.61,1
1,0,0,40.33,50.78,52.41,3.5,9.47,15.69,11.54,7.6,2.08,0
0,0,1,39.17,44.82,53.3,6.44,12.78,21.72,7.62,6.05,3.36,0
1,0,0,32.56,35.69,47.94,4.33,7.2,21.74,7.83,1.62,3.44,0
1,0,0,41.05,50.69,59.98,5.34,6.65,18.91,12.4,6.92,1.62,0
0,1,0,21.18,31.68,35.29,5.01,9.06,26.72,14.55,6.13,4.17,0
0,0,1,18.36,28.02,32.37,9.01,14.27,15.3,4.52,5.28,4.14,0
1,0,0,23.09,27.38,31.7,9.24,12.1,18.97,8.05,6.74,1.95,0
1,0,0,16.71,26.49,25.13,5.94,9.19,20.75,8.77,3.83,2.15,0
1,0,0,30.94,40.86,45.55,4.64,10.17,23.27,7.52,2.55,4.75,0
0,1,0,43.1,52.03,56.36,2.85,5.84,25.68,7.36,4.58,4.3,0
1,0,0,16.18,26.08,34.25,9.63,14.85,17.9,3.63,4.84,3.79,0
0,1,0,18.66,29.28,28.59,2.48,11.66,22.92,11.23,4.77,1.33,1
1,0,0,28.57,37.09,36.87,4.38,7.85,13.01,8.23,4.96,2.67,0
1,0,0,43.02,46.81,56.4,4.38,10.86,28.65,5.34,7.64,3.24,0
1,0,0,24.48,31.87,35.33,4.56,6.09,17.66,12.79,7.32,1.75,0
1,0,0,30.22,33.92,38.81,3.31,14.66,24.59,12.63,7.13,2.79,1
0,0,1,16.25,22.92,32.94,8.27,6.75,10.41,8.84,6.61,3.4,0
1,0,0,19.45,26.11,28.79,2.98,11.48,14.1,6.58,7.6,2.31,1
0,0,1,44.6,48.19,59.9,7.08,7.45,19.74,10.66,1.69,4.12,0
1,0,0,43.95,50.09,55.33,2.99,12.18,27.57,6.46,2.86,4.36,0
1,0,0,15.15,19.15,25.23,2.56,12.77,20.55,5.83,4.47,2.29,0
0,1,0,43.55,53.83,56.11,9.28,11.73,28.6,11.77,6.93,4.35,0
1,0,0,34.17,45.7,51.79,3.52,11.14,19.68,3.48,4.54,1.41,1
1,0,0,41.04,44.69,53.74,8.57,13.92,19.81,4.14,6.24,4.35,1
1,0,0,28.64,40.24,45.65,6.36,5.79,12.39,3.08,1.97,1.61,1
0,1,0,30.47,38.17,39.97,2.62,8.31,26.05,4.84,2.77,1.33,0
0,1,0,29.67,35.36,46.94,9.64,7.48,14.94,3.83,6.12,3.57,0
1,0,0,35.01,38.7,45.85,3.98,14.88,27.99,14.95,2.15,2.89,1
0,1,0,19.19,26.7,35.32,8.88,8.89,28.22,6.47,3.46,4.63,0
1,0,0,15.9,26.05,30.69,3.35,12.33,28.87,4.79,2.85,2.45,0
1,0,0,24.24,33.6,43.39,8.83,11.85,20.4,5.89,3.45,2.15,0
0,1,0,36.14,39.59,48.79,2.11,7.12,23.54,14.23,5.96,3.0,0
1,0,0,21.06,24.71,29.85,6.09,7.39,25.57,9.24,3.57,2.82,1
0,1,0,35.2,41.83,43.43,8.16,7.81,12.62,7.38,4.89,2.38,1
1,0,0,44.1,49.75,62.02,9.48,9.11,22.02,13.48,1.7,3.77,1
1,0,0,17.82,22.91,32.11,9.27,7.34,10.69,7.74,6.64,4.04,0
1,0,0,35.18,40.71,52.48,8.56,5.2,19.95,7.02,3.59,4.41,0
1,0,0,28.31,38.54,39.13,9.11,13.79,13.1,5.49,5.54,4.89,0
1,0,0,41.04,52.41,53.19,3.59,14.66,13.66,7.53,6.08,2.07,0
1,0,0,20.31,26.96,28.68,4.27,8.42,17.3,6.8,2.47,3.86,0
1,0,0,35.78,46.93,55.32,4.31,8.39,18.65,11.13,7.19,2.58,1
1,0,0,40.14,46.04,56.16,5.02,5.07,22.46,6.47,5.31,3.71,1
1,0,0,43.34,50.63,62.54,5.15,11.8,11.49,9.93,4.0,2.9,0
1,0,0,35.5,40.53,46.68,6.36,13.25,20.07,3.79,2.28,4.98,1
1,0,0,29.92,38.68,45.25,3.28,6.47,13.65,5.3,7.6,3.92,1
1,0,0,33.54,45.35,49.68,7.53,6.6,21.48,7.89,6.29,4.81,0
0,0,1,41.07,49.5,52.88,3.34,12.9,22.75,14.24,2.46,4.34,1
1,0,0,32.12,38.34,50.3,4.48,11.16,21.13,7.53,3.36,4.61,0
0,1,0,15.91,24.74,35.28,6.03,5.45,24.77,10.97,6.67,4.26,0
1,0,0,42.93,47.03,61.55,8.37,11.23,16.71,6.06,5.87,2.84,0
1,0,0,35.69,46.68,52.55,7.92,8.09,25.3,4.52,6.36,2.01,1
0,0,1,35.3,42.82,46.62,7.16,8.69,18.66,3.7,4.09,2.48,0
1,0,0,21.47,28.51,32.85,3.25,12.7,19.68,6.66,6.02,1.08,0
1,0,0,34.77,43.04,54.33,6.38,13.11,22.96,4.89,3.71,3.1,0
1,0,0,26.82,35.44,34.94,2.7,9.0,10.37,5.09,2.48,3.02,0
1,0,0,34.54,38.18,51.13,5.02,14.47,23.08,12.13,5.43,3.1,1
1,0,0,18.2,27.34,34.67,5.31,9.06,22.37,3.19,7.83,4.9,1
1,0,0,34.74,39.91,50.21,2.32,12.72,16.2,9.69,3.17,4.65,0
1,0,0,44.98,54.41,64.86,4.19,9.84,11.72,7.55,4.23,1.65,0
1,0,0,16.45,26.85,28.19,9.65,13.98,11.82,9.08,5.72,2.48,0
0,0,1,44.32,54.55,56.39,9.63,14.08,28.46,9.75,4.79,2.7,0
1,0,0,27.21,35.18,36.15,4.82,5.87,23.79,6.76,6.9,2.44,0
1,0,0,41.12,48.8,54.44,2.34,14.36,12.54,6.54,6.33,4.19,0
0,0,1,38.47,42.76,49.6,3.43,13.26,17.13,11.8,1.41,3.1,0
0,1,0,32.01,41.99,44.13,5.14,12.91,21.85,13.46,7.99,3.29,1
1,0,0,37.15,42.6,55.17,9.58,7.01,26.71,5.31,6.27,4.41,1
1,0,0,41.36,48.83,60.58,3.13,13.05,10.87,4.17,7.05,4.22,0
1,0,0,27.12,32.68,37.35,8.11,13.5,14.73,13.77,5.56,1.53,0
1,0,0,24.81,29.02,37.28,2.87,7.89,27.79,7.2,6.99,3.86,1
1,0,0,35.03,43.69,54.17,9.85,14.52,10.18,9.62,1.79,2.74,0
0,0,1,39.24,42.72,47.98,5.05,5.5,14.03,7.31,3.43,2.18,1
0,0,1,37.87,47.61,46.98,8.2,6.5,29.18,4.51,7.13,1.2,1
0,1,0,38.93,44.79,48.89,4.74,10.38,22.27,10.07,2.41,2.95,0
1,0,0,28.07,31.07,43.21,7.02,10.76,15.23,9.3,1.55,2.42,0
0,1,0,39.54,47.14,49.34,3.54,11.45,11.34,5.44,6.52,2.01,1
1,0,0,18.61,22.03,38.22,3.17,5.17,10.56,8.42,6.85,3.78,0
1,0,0,31.33,36.82,44.7,9.5,14.6,14.89,12.56,2.14,4.08,0
1,0,0,15.17,24.54,29.19,9.34,5.45,27.63,10.09,6.98,1.98,1
1,0,0,24.74,28.3,35.7,9.1,6.43,18.32,4.16,5.81,1.2,0
0,0,1,25.99,36.55,39.65,7.0,5.14,24.41,9.58,4.64,4.4,0
1,0,0,26.89,29.92,42.83,8.47,10.67,28.37,11.43,6.81,1.04,1
1,0,0,35.86,41.09,52.88,2.55,14.32,18.16,12.51,3.93,4.75,0
0,0,1,26.66,36.32,43.7,4.68,11.66,13.83,10.55,2.36,3.51,0
1,0,0,28.46,34.31,43.4,4.51,13.23,20.34,4.83,2.99,2.29,1
1,0,0,22.13,26.04,40.98,7.09,5.13,28.16,11.52,4.54,1.99,0
1,0,0,26.2,32.44,44.01,4.85,10.42,26.09,11.13,4.72,1.04,1
1,0,0,21.82,27.25,38.9,3.19,9.6,11.32,3.29,6.64,1.94,1
0,0,1,17.2,27.78,25.86,6.77,9.99,23.85,7.94,6.54,1.55,0
1,0,0,33.1,38.92,41.19,8.52,5.72,21.44,7.0,5.07,3.45,0
1,0,0,35.05,45.15,45.6,5.06,11.84,28.15,11.03,6.47,1.67,0
1,0,0,33.58,44.61,49.55,3.06,10.03,12.45,5.59,2.34,3.11,0
1,0,0,28.9,35.81,41.84,3.57,12.65,20.68,10.09,1.35,3.36,0
1,0,0,26.39,37.58,39.22,3.9,9.85,27.59,13.96,7.12,2.19,1
1,0,0,40.9,47.3,59.52,4.4,6.49,18.2,12.57,1.53,1.14,0
1,0,0,30.57,42.25,49.32,7.14,11.48,19.64,14.06,2.73,1.15,0
0,1,0,29.38,33.18,48.29,6.81,6.72,11.41,14.74,5.87,1.11,1
1,0,0,15.77,24.95,27.54,7.57,13.72,15.56,3.13,3.87,3.96,0
1,0,0,25.24,32.68,41.53,4.9,11.13,16.49,10.47,7.13,2.27,1
1,0,0,26.41,32.89,37.67,8.59,6.57,28.9,7.95,3.09,4.19,0
0,0,1,26.96,35.66,37.25,3.63,14.62,15.65,13.32,1.08,2.73,0
0,0,1,32.41,41.74,42.62,5.75,10.18,19.22,6.02,3.1,2.81,1
1,0,0,31.01,34.05,43.11,8.41,5.73,23.43,14.77,5.05,3.05,1
0,0,1,33.24,37.74,46.4,3.44,11.27,13.24,10.36,3.63,3.85,1
1,0,0,37.95,47.36,55.92,2.88,7.53,19.73,12.52,4.74,2.09,1
1,0,0,39.39,48.39,48.83,9.07,13.04,24.77,4.03,7.14,1.49,1
1,0,0,36.54,48.24,53.36,4.74,13.18,27.34,5.2,7.39,3.22,0
1,0,0,43.67,53.52,58.04,7.47,14.79,22.53,12.1,2.86,2.31,0
1,0,0,15.55,27.1,27.0,2.2,10.02,23.38,3.26,4.23,2.77,1
1,0,0,20.87,30.2,34.79,7.52,9.55,12.53,12.8,4.84,3.59,1
0,0,1,15.23,20.91,26.83,4.53,12.53,28.92,3.17,7.64,2.98,1
0,1,0,34.42,38.37,49.58,2.45,6.32,12.65,10.89,7.99,3.48,0
1,0,0,41.94,51.98,55.15,6.88,10.47,25.49,7.38,2.65,3.18,0
1,0,0,22.3,31.1,32.28,3.93,10.46,15.3,10.34,6.09,3.96,1
1,0,0,42.81,46.24,52.21,5.09,5.89,28.67,11.35,3.65,3.82,0
1,0,0,16.81,23.05,31.37,2.64,9.18,24.4,7.11,1.06,3.14,1
1,0,0,43.03,54.64,61.86,3.18,13.53,25.08,4.3,1.06,3.72,1
1,0,0,25.55,33.05,37.68,4.38,13.56,14.38,3.84,4.22,4.49,0
1,0,0,18.04,24.94,34.84,2.72,5.99,18.86,10.07,4.42,2.73,1
0,1,0,29.58,36.7,45.48,9.29,5.91,22.36,9.25,1.16,2.65,1
1,0,0,22.7,27.58,41.88,2.05,7.63,25.4,11.91,5.81,4.06,0
1,0,0,23.55,29.86,41.4,5.87,13.75,12.08,9.12,3.06,3.33,1
1,0,0,24.22,30.55,39.02,2.99,6.29,29.25,8.07,4.92,1.28,0
1,0,0,39.09,42.56,54.98,4.46,12.2,27.8,7.78,3.11,4.57,1
0,0,1,31.17,41.08,49.96,9.41,6.01,15.41,3.32,2.17,1.12,0
1,0,0,24.34,31.09,37.13,3.29,11.23,26.46,7.03,3.85,3.99,1
0,0,1,33.31,43.71,45.23,9.73,8.56,20.37,14.71,2.63,4.04,0
0,0,1,36.48,47.14,44.61,3.65,12.89,19.24,13.48,4.74,4.81,0
1,0,0,23.18,28.09,41.1,7.93,7.34,16.29,6.95,2.39,1.22,1
1,0,0,27.41,36.32,45.02,6.37,11.39,21.62,10.05,4.56,3.39,0
0,0,1,18.66,25.91,27.91,9.08,7.36,24.6,13.17,2.1,2.71,0
0,0,1,20.43,31.36,35.36,6.43,12.14,18.22,8.3,5.7,2.32,1
1,0,0,35.43,40.38,49.0,6.28,13.74,22.58,3.22,6.28,1.36,1
1,0,0,20.44,29.54,29.87,3.56,6.27,23.99,3.89,1.77,3.25,0
1,0,0,30.75,39.22,50.52,3.33,13.67,24.22,9.12,4.27,2.92,1
1,0,0,36.27,41.93,46.85,9.33,10.94,11.04,14.63,1.5,1.42,0
1,0,0,18.21,22.44,27.01,4.62,6.27,27.19,11.32,5.19,3.45,0
0,1,0,32.02,40.88,47.16,4.98,9.28,19.17,3.85,2.85,3.95,0
1,0,0,22.7,32.34,39.56,8.08,6.61,15.25,5.27,4.69,4.07,1
1,0,0,43.89,49.73,52.28,4.71,12.0,14.84,12.26,4.62,4.62,1
1,0,0,29.51,38.31,45.41,9.62,12.59,19.66,13.1,7.47,2.64,1
1,0,0,39.18,45.74,53.57,7.9,6.06,27.74,10.41,4.84,4.81,1
1,0,0,31.51,40.93,40.75,6.78,10.06,17.57,10.73,5.08,4.46,0
0,0,1,16.3,21.1,26.37,9.05,13.15,24.99,3.34,3.81,2.19,0
1,0,0,33.99,45.01,48.81,2.4,14.36,11.94,12.94,7.64,1.64,0
1,0,0,43.54,49.13,55.1,4.06,10.14,19.52,12.46,6.44,2.74,0
1,0,0,33.05,39.36,52.31,5.72,14.5,29.83,6.11,3.0,2.61,0
1,0,0,39.58,43.1,57.4,3.82,10.36,25.41,11.5,6.91,3.3,1
1,0,0,41.53,45.53,61.33,7.95,8.94,14.21,5.58,4.03,3.33,0
1,0,0,21.84,29.49,32.96,9.35,13.48,20.03,3.48,6.8,4.0,0
1,0,0,21.36,26.77,41.0,5.39,9.93,14.67,5.41,6.76,3.04,0
1,0,0,33.33,43.85,46.5,4.74,9.72,18.19,5.14,2.32,1.42,1
1,0,0,27.33,30.46,39.5,9.69,9.9,25.6,7.05,5.91,4.43,1
1,0,0,40.2,46.61,48.8,5.56,13.47,25.42,8.02,3.03,2.24,0
0,0,1,42.0,48.04,50.63,5.91,13.32,14.56,9.1,3.08,4.89,0
1,0,0,25.6,28.78,41.91,4.81,9.04,28.44,8.72,3.07,1.47,1
1,0,0,22.11,26.23,35.6,9.28,8.33,21.85,6.25,6.08,4.83,0
1,0,0,38.42,45.14,49.13,6.55,9.92,17.6,3.35,2.61,1.36,1
1,0,0,23.24,30.68,38.61,8.1,10.73,20.04,10.26,1.01,1.92,1
1,0,0,39.68,46.32,50.71,8.49,7.38,22.1,7.75,6.01,1.19,0
1,0,0,27.71,35.49,42.64,4.73,12.94,21.2,6.58,2.2,3.82,0
1,0,0,35.03,43.38,47.34,5.47,9.86,19.73,13.4,1.73,4.4,1
0,1,0,17.87,20.96,35.75,8.79,8.34,20.1,11.96,2.66,2.74,0
0,0,1,33.72,40.89,51.56,4.91,6.07,13.53,13.29,3.66,4.71,0
1,0,0,28.55,40.22,42.28,8.35,7.39,26.25,8.94,4.33,3.36,1
1,0,0,32.6,40.27,44.81,9.53,14.49,20.84,4.57,1.31,3.52,1
1,0,0,20.04,29.14,32.39,6.99,8.05,12.62,11.35,7.79,4.38,1
0,0,1,37.11,42.91,54.77,7.93,6.69,25.32,5.47,6.01,2.19,1
0,0,1,40.88,50.85,52.82,8.44,9.61,28.65,8.29,3.26,2.42,0
1,0,0,21.5,31.46,32.01,8.76,8.07,28.95,3.78,3.23,4.62,0
1,0,0,17.87,25.56,26.89,5.16,5.35,17.38,12.9,4.14,4.6,1
1,0,0,15.71,27.49,29.31,2.41,8.23,12.71,4.51,5.38,4.91,0
1,0,0,34.26,38.39,48.04,5.22,10.44,20.37,13.84,2.02,4.61,0
1,0,0,33.21,36.37,51.3,7.39,10.52,12.25,13.37,2.32,1.51,1
1,0,0,31.4,41.33,42.06,5.6,8.57,28.68,8.57,7.02,4.29,0
1,0,0,21.96,32.22,34.53,7.99,9.47,13.67,11.93,2.79,2.64,0
0,0,1,26.73,30.81,44.43,4.86,14.66,15.06,10.43,3.66,4.96,0
0,0,1,32.83,38.22,50.72,7.08,8.77,18.13,12.64,7.1,2.89,0
1,0,0,29.9,33.06,42.52,3.49,7.58,17.66,8.18,5.64,3.22,0
1,0,0,44.63,50.27,58.14,7.99,7.43,25.89,12.43,3.39,3.12,0
0,0,1,19.09,29.05,30.73,6.37,9.58,19.13,8.55,5.79,2.29,0
1,0,0,35.85,43.52,55.04,3.63,12.6,13.42,14.29,1.14,1.3,1
1,0,0,27.13,33.26,36.55,4.34,7.06,15.34,8.84,6.15,4.58,1
1,0,0,27.85,34.19,47.05,7.99,12.09,20.18,8.55,4.41,4.21,0
1,0,0,36.53,39.54,52.73,5.86,5.21,12.95,12.42,6.69,1.56,1
1,0,0,35.77,41.47,50.15,3.73,9.19,22.23,12.86,7.68,4.11,0
1,0,0,44.74,53.56,53.13,9.74,12.76,21.31,9.65,7.48,3.5,0
1,0,0,18.85,30.62,32.56,7.72,8.39,24.29,5.16,7.36,2.64,1
1,0,0,18.12,28.75,31.02,9.66,10.64,28.75,8.61,4.59,2.02,0
1,0,0,36.73,39.94,46.66,5.42,7.05,28.25,14.62,3.52,4.44,1
1,0,0,32.35,43.44,48.23,5.8,12.42,28.92,12.04,4.26,3.8,0
0,0,1,23.22,33.27,42.88,9.18,5.52,14.89,12.73,5.83,3.19,1
1,0,0,17.38,27.41,32.13,6.2,13.53,12.63,3.39,7.19,3.44,0
1,0,0,17.57,24.69,34.15,7.66,6.98,16.05,8.61,2.45,1.36,1
1,0,0,41.83,48.41,50.65,4.02,13.74,27.9,10.76,7.43,2.9,0
1,0,0,20.76,26.48,33.77,5.57,8.53,29.44,12.96,6.71,1.77,1
1,0,0,24.7,28.29,34.1,2.99,12.23,27.19,3.59,7.85,1.83,0
1,0,0,21.8,26.85,37.15,3.65,8.19,12.2,13.23,7.16,3.65,0
1,0,0,25.65,30.87,44.91,2.01,14.06,28.95,9.58,2.96,4.65,1
1,0,0,17.08,24.44,33.02,2.31,6.27,18.47,5.37,1.74,2.62,0
1,0,0,30.57,40.3,39.49,9.82,6.79,10.19,6.81,1.79,1.83,1
1,0,0,17.03,24.29,29.28,3.94,9.93,18.85,6.38,3.04,3.59,1
1,0,0,39.01,42.53,53.62,7.31,5.82,10.92,9.37,5.3,4.48,0
1,0,0,22.01,33.63,34.85,8.71,6.96,20.88,3.62,6.63,3.99,1
1,0,0,31.2,42.68,49.2,6.41,14.44,16.77,4.9,7.29,4.48,0
1,0,0,41.4,51.47,59.18,3.23,14.76,19.47,12.75,5.37,3.15,1
1,0,0,34.53,46.45,49.87,7.82,8.76,22.26,4.59,1.04,4.01,0
1,0,0,30.99,38.89,43.47,6.8,14.23,27.38,5.8,2.3,1.56,0
1,0,0,24.73,36.39,35.79,7.85,10.45,23.24,8.44,1.7,2.39,1
1,0,0,24.99,28.67,34.26,8.16,7.7,18.68,9.21,3.54,2.56,1
1,0,0,35.08,41.38,47.34,9.8,12.02,26.39,12.16,4.51,3.05,0
1,0,0,44.82,49.85,57.78,6.59,11.59,28.11,8.37,1.3,4.72,1
1,0,0,34.86,39.62,50.97,4.73,14.89,12.4,12.48,3.44,4.5,0
0,0,1,31.73,36.0,47.63,7.19,7.65,20.64,10.42,2.25,1.54,0
0,1,0,36.92,45.52,45.76,2.55,11.72,15.69,4.36,5.53,1.69,0
1,0,0,28.96,38.99,41.7,9.18,5.52,10.94,4.88,4.25,2.43,0
1,0,0,16.8,25.01,26.99,2.96,6.14,23.37,8.24,4.47,2.16,0
1,0,0,31.87,36.19,41.75,4.62,5.04,27.26,7.76,3.99,3.46,0
1,0,0,43.73,54.03,61.66,8.53,14.99,13.26,11.92,7.69,4.61,1
1,0,0,20.26,28.98,28.76,6.78,13.02,26.25,9.97,2.5,4.85,1
1,0,0,35.7,42.19,48.73,5.15,12.87,27.07,7.66,4.62,3.61,1
0,1,0,21.03,30.1,31.05,5.79,10.1,28.29,5.05,6.15,4.35,0
1,0,0,31.07,36.41,49.63,8.84,8.0,15.31,5.72,4.9,3.1,0
1,0,0,17.9,24.01,32.58,4.72,6.51,28.08,9.91,7.5,1.83,1
1,0,0,28.51,39.77,39.29,8.96,7.85,16.41,8.08,3.65,3.1,1
1,0,0,37.68,43.3,51.71,2.71,8.76,21.05,9.18,4.25,3.22,0
0,1,0,25.43,32.66,42.2,8.21,12.56,11.01,5.05,1.62,3.97,1
0,0,1,34.95,45.96,54.44,8.78,10.4,10.88,10.95,5.26,1.88,1
0,0,1,38.86,48.23,49.51,3.45,5.77,24.41,13.23,3.02,2.47,1
1,0,0,42.82,46.38,61.45,5.44,5.18,18.89,6.1,2.12,2.46,1
1,0,0,22.04,26.36,41.25,3.32,6.02,15.13,8.9,4.81,4.84,1
1,0,0,26.98,30.05,45.98,7.65,9.1,13.81,14.71,4.73,2.78,0
1,0,0,19.57,28.25,35.2,6.28,14.33,23.4,7.0,1.53,4.02,1
1,0,0,44.77,51.8,60.33,7.08,11.37,10.01,10.14,5.89,4.0,1
1,0,0,42.81,47.02,55.65,3.57,13.02,26.12,4.08,5.37,2.06,0
1,0,0,31.2,42.82,48.23,3.69,9.66,11.58,10.27,2.32,3.29,0
1,0,0,40.26,48.03,54.64,2.33,8.62,13.83,4.08,4.29,4.58,0
1,0,0,30.63,35.81,46.76,4.58,6.08,17.72,14.51,6.04,2.9,1
1,0,0,33.71,41.21,46.85,6.48,13.76,19.7,11.59,4.71,4.78,1
1,0,0,17.67,26.79,34.45,8.86,12.83,17.1,12.46,3.77,1.86,0
1,0,0,37.66,41.34,55.55,7.34,6.68,16.41,11.45,3.26,1.3,0
1,0,0,18.83,24.3,28.59,5.48,10.12,29.28,10.08,5.27,4.57,0
1,0,0,39.78,50.04,57.78,9.62,9.87,22.83,8.4,7.57,4.39,1
1,0,0,38.46,45.6,52.94,7.75,11.25,10.47,13.3,5.7,4.97,1
0,0,1,36.26,44.18,54.4,9.44,14.46,18.6,14.48,1.52,3.72,1
1,0,0,16.08,22.98,29.26,6.22,10.8,27.5,8.99,4.22,4.75,0
1,0,0,24.09,27.49,36.64,4.07,10.4,16.03,14.18,7.24,4.31,0
1,0,0,22.89,27.39,41.87,2.42,5.5,11.89,10.0,1.66,4.38,0
0,1,0,25.8,32.81,36.82,7.81,5.63,25.17,9.46,7.92,3.28,0
1,0,0,17.63,22.51,35.76,2.97,6.87,22.12,8.45,7.64,2.53,1
1,0,0,43.11,46.56,56.92,4.42,5.32,21.41,5.51,1.55,4.74,1
1,0,0,31.61,42.21,45.78,6.26,12.43,11.07,3.04,7.53,2.73,1
1,0,0,24.17,36.0,35.87,6.52,12.23,12.81,5.9,3.54,3.16,1
1,0,0,26.91,37.05,41.79,6.8,6.36,22.45,9.12,6.91,2.78,0
1,0,0,28.42,39.1,40.32,3.33,13.36,14.16,7.56,3.93,3.26,1
0,0,1,33.02,38.2,41.49,5.04,6.55,20.08,8.38,4.09,2.88,1
0,0,1,30.47,42.12,41.73,6.94,8.01,20.9,14.77,5.44,1.19,1
1,0,0,42.58,47.35,50.66,9.76,7.49,15.67,7.2,6.42,4.53,0
1,0,0,29.91,41.47,49.65,7.82,8.72,28.97,8.43,1.24,2.78,0
1,0,0,44.76,56.72,64.35,9.38,7.55,26.85,4.6,5.15,3.36,0
0,1,0,40.54,49.95,53.28,8.1,9.89,24.45,3.58,2.31,1.56,1
1,0,0,21.26,33.09,38.0,6.73,9.07,11.56,12.3,3.42,1.01,1
0,0,1,42.92,51.04,55.07,3.54,14.87,12.12,9.85,3.44,1.98,0
1,0,0,18.49,23.83,34.54,7.33,5.56,19.86,12.13,4.28,3.82,1
1,0,0,39.52,46.46,57.19,6.99,6.42,13.21,4.8,3.34,1.4,1
0,1,0,26.42,34.76,45.78,6.82,5.53,29.57,9.86,1.75,4.64,0
1,0,0,41.34,45.0,54.14,5.92,11.26,13.17,6.04,2.02,1.86,0
1,0,0,41.04,49.64,58.44,6.23,5.55,19.75,5.74,1.23,1.82,1
1,0,0,39.18,51.01,50.37,4.68,13.36,17.28,3.14,4.29,1.73,0
1,0,0,38.7,43.41,58.58,6.15,10.12,22.79,4.56,7.68,1.06,1
1,0,0,24.14,34.27,32.45,3.58,10.27,12.58,6.71,1.81,4.09,0
1,0,0,17.43,28.6,32.67,8.44,10.62,18.61,4.4,7.62,4.5,1
1,0,0,27.09,38.58,43.0,3.49,6.71,15.49,14.83,6.13,3.46,0
0,0,1,20.21,31.85,36.46,2.68,6.98,27.76,6.7,5.46,1.75,0
0,0,1,35.85,43.54,45.29,5.49,8.19,10.81,4.56,5.52,2.14,1
1,0,0,25.38,37.18,44.65,7.27,10.93,28.27,5.39,6.79,2.9,0
1,0,0,44.27,54.08,54.44,5.5,7.1,26.66,10.05,1.75,4.82,0
1,0,0,34.23,38.68,49.7,4.21,6.16,15.95,3.77,4.53,1.99,0
1,0,0,39.67,46.97,50.35,6.47,14.7,25.79,13.35,5.88,3.93,1
1,0,0,18.98,28.44,30.66,4.78,5.22,10.62,14.54,5.11,2.76,1
0,0,1,40.86,46.09,55.42,9.46,13.03,29.34,5.96,6.83,2.19,1
0,0,1,42.68,51.45,55.69,9.38,12.88,20.53,8.4,1.51,2.82,0
1,0,0,29.61,38.61,39.53,6.02,7.97,16.07,3.27,5.83,1.28,0
1,0,0,33.19,37.65,43.24,4.62,6.36,17.25,10.69,4.74,4.19,0
1,0,0,37.94,46.03,50.96,7.9,6.46,11.33,7.97,3.65,1.97,0
1,0,0,20.25,30.19,37.33,2.29,11.97,29.79,6.24,3.38,3.9,0
1,0,0,30.08,37.57,48.85,5.8,11.43,10.79,5.48,5.35,1.27,0
1,0,0,26.96,30.07,35.97,4.69,12.83,23.1,10.85,7.24,4.82,0
1,0,0,19.39,22.47,32.11,9.36,14.37,18.85,7.99,4.47,1.77,1
1,0,0,26.03,32.24,35.23,2.1,11.92,28.98,5.16,6.77,4.53,0
0,0,1,17.05,28.38,25.24,6.42,6.56,14.92,11.27,3.82,4.24,0
1,0,0,15.77,20.83,31.71,7.93,7.43,20.64,9.78,1.72,4.87,1
1,0,0,19.05,27.76,34.28,5.88,13.42,19.65,13.3,1.43,2.91,0
1,0,0,43.89,48.89,53.85,2.68,7.09,24.06,4.41,1.36,3.91,1
0,0,1,31.49,37.38,42.29,9.78,5.73,11.36,12.43,3.66,2.48,1
1,0,0,43.97,54.61,52.26,6.14,12.03,13.88,11.08,3.36,1.74,1
1,0,0,27.97,37.53,45.99,6.91,9.03,14.29,4.38,6.03,2.77,0
0,0,1,24.35,28.21,44.05,3.89,14.2,24.76,11.34,6.2,1.66,1
1,0,0,30.18,37.04,39.81,5.87,11.5,13.78,8.3,1.36,4.93,0
1,0,0,28.19,31.45,38.96,5.43,5.9,21.47,14.34,2.55,1.38,0
1,0,0,18.17,25.5,36.59,2.6,14.48,14.3,4.7,2.92,3.36,0
1,0,0,34.22,43.19,53.34,2.85,7.59,27.23,10.71,4.83,3.51,1
1,0,0,21.48,25.55,34.52,8.7,8.37,28.84,7.58,2.01,3.15,0
0,0,1,33.59,39.19,42.2,3.92,9.02,20.37,14.48,1.94,3.65,0
1,0,0,34.51,41.09,42.98,3.56,5.51,17.05,6.96,7.61,1.46,1
1,0,0,19.56,30.84,34.45,6.04,9.97,14.68,14.55,6.63,3.22,0
1,0,0,16.84,28.78,29.56,8.15,6.23,11.0,13.82,2.26,2.15,0
1,0,0,38.42,41.83,46.77,2.5,9.01,15.37,6.24,3.85,4.76,0
1,0,0,28.79,38.64,43.79,6.61,8.51,23.08,12.64,3.49,4.05,0
1,0,0,16.74,23.09,24.88,2.95,12.73,20.67,14.95,6.54,4.89,0
1,0,0,44.85,51.38,62.29,2.29,13.03,28.88,6.03,4.57,1.15,0
1,0,0,16.73,26.52,28.41,2.42,6.53,17.93,8.24,1.89,2.14,1
0,0,1,35.85,47.12,44.33,8.67,8.67,23.88,9.24,6.17,1.78,0
1,0,0,44.51,56.07,59.57,2.94,8.73,19.79,6.54,3.78,1.04,0
0,0,1,22.18,30.37,34.95,2.36,6.51,20.25,3.18,2.84,1.97,1
1,0,0,19.27,25.48,38.95,5.5,12.98,15.36,5.64,3.63,3.72,0
0,0,1,18.64,28.73,33.17,8.75,12.07,19.1,6.38,4.48,1.92,1
0,1,0,24.1,29.36,35.4,4.1,6.9,19.42,8.32,3.4,3.04,0
1,0,0,18.03,26.11,34.54,5.37,8.67,24.13,5.05,2.69,4.55,0
0,0,1,35.76,41.99,47.02,2.32,6.06,28.81,13.48,3.79,3.78,0
1,0,0,16.87,25.78,35.72,5.59,11.28,16.59,11.46,1.13,2.58,0
0,0,1,30.28,35.45,42.78,6.62,6.21,10.84,4.02,6.41,2.49,0
0,0,1,44.9,49.63,59.5,6.57,14.86,19.93,10.8,2.2,2.82,0
1,0,0,39.42,50.68,48.03,4.66,12.81,20.89,10.84,1.31,1.71,0
1,0,0,33.46,37.37,46.57,4.52,8.9,13.37,14.47,5.58,3.54,0
1,0,0,24.19,31.74,42.18,2.85,10.79,25.21,3.04,6.42,2.46,0
1,0,0,33.72,38.7,51.38,4.93,14.11,29.7,5.98,6.7,4.41,0
1,0,0,30.81,34.16,41.5,2.8,10.54,28.92,14.13,4.45,4.03,0
0,1,0,27.78,31.11,38.5,8.13,6.74,13.94,14.19,2.44,3.44,0
1,0,0,18.92,23.5,36.73,9.73,8.79,27.51,11.65,6.16,2.46,1
0,0,1,41.6,52.4,60.76,9.76,13.43,24.09,12.19,5.9,1.84,0
1,0,0,28.49,34.04,37.64,8.92,11.44,19.08,4.1,2.72,4.1,1
0,1,0,20.84,32.39,34.24,6.81,11.51,20.81,9.17,7.32,2.95,1
0,0,1,26.03,34.27,38.08,7.61,13.67,26.99,5.78,1.73,1.9,0
1,0,0,27.42,34.35,45.87,4.28,13.94,19.6,5.17,7.88,1.78,1
1,0,0,39.83,48.05,48.83,7.05,14.2,17.46,12.72,7.02,1.66,1
1,0,0,37.01,44.66,47.54,5.65,5.95,19.86,4.62,5.82,4.11,0
1,0,0,38.08,47.91,55.11,5.86,10.44,21.58,8.62,7.57,1.92,0
1,0,0,15.33,20.87,23.95,8.06,12.41,13.78,14.26,6.06,3.11,1
1,0,0,27.48,33.66,41.4,4.26,12.57,28.02,5.23,2.33,2.81,1
0,0,1,29.44,40.49,42.75,4.54,11.07,23.48,14.74,4.1,3.32,0
1,0,0,15.58,27.09,27.59,9.4,6.67,22.67,14.93,1.5,4.51,0
1,0,0,22.79,33.83,35.53,2.45,12.97,11.99,9.67,3.73,4.47,0
1,0,0,37.81,44.58,52.17,5.89,12.2,22.08,5.04,6.19,2.8,0
0,0,1,19.11,29.14,29.05,9.3,5.86,12.42,6.79,3.71,1.06,1
0,0,1,31.06,38.35,45.92,6.88,9.64,11.57,8.09,3.31,2.71,0
0,1,0,21.46,28.93,39.12,6.37,6.74,20.55,6.71,5.17,3.42,0
1,0,0,15.36,20.21,32.49,4.0,8.37,18.06,6.37,7.11,3.23,1
1,0,0,22.24,30.56,32.08,4.75,5.18,21.78,14.67,1.33,3.61,0
0,0,1,44.28,48.95,54.07,8.82,9.0,11.78,4.84,3.7,1.62,0
1,0,0,39.05,45.03,50.26,6.47,10.5,18.62,11.8,2.11,3.59,1
1,0,0,43.79,54.48,56.12,6.12,11.2,13.5,3.0,5.87,1.73,1
1,0,0,29.64,34.5,42.54,2.8,11.63,29.74,10.15,1.74,4.0,0
1,0,0,18.29,21.93,34.45,2.13,13.36,21.22,13.99,5.65,2.36,0
1,0,0,31.44,35.06,40.12,9.71,7.15,23.75,6.46,3.0,3.84,0
1,0,0,28.63,40.1,37.05,5.02,6.2,16.51,5.23,2.39,1.19,0
1,0,0,40.33,47.89,53.03,6.83,13.52,11.89,10.82,7.55,2.63,0
1,0,0,17.94,24.63,34.31,2.64,6.57,29.52,11.55,1.13,3.82,0
1,0,0,29.65,39.95,39.97,7.46,14.75,15.73,11.26,4.06,1.91,0
1,0,0,19.5,30.02,35.2,9.46,13.43,18.48,6.83,1.15,4.18,0
1,0,0,24.74,30.73,35.86,6.61,10.01,23.0,6.03,4.39,3.52,0
1,0,0,37.12,46.36,55.75,3.01,14.81,10.49,14.47,4.51,3.35,0
1,0,0,29.28,39.22,48.03,6.65,5.97,26.21,14.08,3.25,2.41,0
1,0,0,26.28,35.17,37.84,8.13,8.03,20.73,8.49,1.93,2.93,0
1,0,0,26.83,31.2,37.59,5.25,11.38,15.56,13.15,3.63,3.39,0
1,0,0,28.78,39.67,41.72,9.04,8.5,11.23,8.43,5.71,2.89,1
1,0,0,38.55,46.4,49.44,7.19,14.28,13.25,8.09,6.48,3.79,0
0,0,1,41.76,47.3,57.83,9.19,5.66,27.9,4.88,4.72,2.73,1
1,0,0,43.66,50.49,61.57,6.99,10.49,23.72,8.12,5.13,1.81,1
1,0,0,38.61,41.95,54.68,3.05,10.91,15.0,9.45,2.4,1.86,0
1,0,0,24.46,28.61,42.35,4.48,11.53,11.31,3.27,3.01,1.02,0
0,0,1,35.64,45.53,48.41,3.61,7.56,23.81,8.33,2.13,2.2,0
1,0,0,28.13,31.13,38.0,9.27,8.65,21.45,12.38,2.75,4.0,0
1,0,0,22.64,29.39,39.5,8.08,13.44,18.09,11.16,2.57,4.18,1
1,0,0,40.23,47.93,52.55,7.41,6.95,17.27,10.62,4.64,1.81,0
1,0,0,16.15,19.64,32.21,4.41,13.27,14.34,13.91,4.94,4.84,0
1,0,0,42.05,53.81,53.3,3.47,10.63,23.39,3.22,7.61,3.01,0
1,0,0,28.84,33.88,37.82,8.05,12.62,29.41,9.68,2.37,4.67,0
1,0,0,34.12,39.85,54.03,5.79,12.14,13.51,12.45,5.49,3.83,1
1,0,0,34.78,40.52,44.66,3.81,7.08,21.94,9.5,6.72,3.89,0
0,0,1,41.85,46.93,61.71,6.93,10.69,18.48,6.89,4.92,1.34,0
1,0,0,34.1,37.11,53.83,2.32,13.68,18.93,4.64,2.79,1.88,1
1,0,0,33.42,42.98,50.94,4.61,9.32,15.08,13.65,2.84,1.04,1
0,0,1,17.0,28.7,32.91,5.75,14.67,26.5,8.65,1.27,3.86,0
0,0,1,30.55,35.57,45.49,3.18,9.52,19.71,13.54,3.14,2.38,0
0,0,1,19.51,28.47,37.9,9.88,6.43,20.87,10.03,6.21,4.15,0
0,0,1,37.12,46.8,48.6,3.67,8.89,16.1,11.09,1.33,2.36,0
0,0,1,30.37,41.0,43.98,3.04,14.52,13.64,12.65,2.54,4.28,0
1,0,0,35.41,42.21,50.84,3.63,8.2,11.72,10.91,5.94,1.52,0
0,1,0,16.25,21.98,29.18,8.15,13.68,24.28,7.78,6.48,1.69,0
0,1,0,17.54,23.47,30.67,5.4,13.81,13.92,9.16,4.19,2.36,0
1,0,0,36.49,45.9,48.45,6.52,8.5,23.8,12.64,5.89,2.63,1
1,0,0,17.16,27.51,31.93,2.17,5.83,17.81,7.48,3.72,2.39,0
0,0,1,17.14,21.77,35.34,2.28,12.25,18.32,7.66,2.12,4.05,0
1,0,0,15.36,21.7,25.78,5.57,8.12,19.38,4.15,3.79,1.39,0
0,0,1,43.7,54.81,62.91,8.53,12.83,17.35,13.98,5.06,2.4,1
1,0,0,37.13,47.39,53.39,9.08,9.43,12.01,4.09,7.64,4.35,0
1,0,0,25.6,37.46,43.48,2.69,9.85,16.19,10.78,1.48,1.27,0
1,0,0,23.9,33.68,38.57,6.31,12.78,23.27,7.96,4.55,4.77,1
1,0,0,25.49,32.03,42.85,9.31,8.82,23.32,7.87,3.3,4.95,1
1,0,0,38.24,46.56,46.43,5.1,9.43,15.72,11.15,4.56,1.35,1
1,0,0,34.84,43.79,52.66,8.64,8.76,19.2,3.81,1.17,2.17,0
1,0,0,20.56,24.26,29.04,3.07,8.67,13.87,10.12,3.19,2.49,0
1,0,0,20.22,28.12,38.9,9.48,10.26,14.21,12.26,6.74,4.11,1
1,0,0,17.95,27.34,37.86,8.01,13.09,10.46,12.94,4.88,3.38,1
1,0,0,34.81,39.31,46.34,9.53,8.62,27.93,5.05,4.15,3.58,0
0,1,0,37.93,47.96,48.46,7.41,10.24,14.21,13.77,3.0,4.03,0
1,0,0,22.95,31.21,40.14,4.91,11.71,14.55,10.87,3.09,1.47,0
1,0,0,15.63,27.2,26.66,9.51,7.69,15.59,13.58,3.68,4.33,1
1,0,0,17.47,20.85,35.85,4.2,7.78,12.55,8.82,6.85,3.82,0
1,0,0,44.04,49.42,53.27,4.66,14.33,22.79,9.5,7.77,3.31,0
1,0,0,23.86,32.28,33.37,7.61,12.24,11.5,14.03,4.07,4.56,0
1,0,0,38.08,43.75,57.83,8.12,10.77,12.68,13.8,3.75,3.8,0
0,1,0,33.74,43.17,49.83,9.44,11.48,22.9,8.38,6.93,1.81,0
0,0,1,26.46,36.29,44.62,3.64,5.29,16.79,6.29,3.99,2.72,0
0,1,0,21.17,25.09,33.06,8.38,11.18,24.16,7.72,4.86,2.98,1
1,0,0,18.64,26.27,34.76,7.91,10.1,21.15,7.65,2.62,1.22,0
1,0,0,33.45,41.03,48.58,2.51,10.46,15.12,6.44,6.2,4.82,0
1,0,0,38.24,44.56,53.48,5.1,8.59,23.02,6.22,4.72,1.51,0
1,0,0,34.32,45.71,50.51,4.26,5.81,12.33,13.33,6.66,3.79,0
0,0,1,30.91,41.36,45.81,4.44,6.93,20.73,3.84,6.47,3.02,0
1,0,0,16.26,25.53,29.41,9.86,14.51,18.74,11.13,2.51,1.1,0
1,0,0,44.05,53.48,55.37,7.14,9.09,15.36,5.07,6.01,4.7,0
1,0,0,38.96,46.12,56.18,7.74,9.67,22.08,7.13,6.6,4.41,0
0,1,0,23.78,35.07,34.5,9.81,5.53,27.43,3.74,3.42,3.1,0
0,1,0,44.4,53.65,60.71,5.02,5.38,29.98,6.24,2.21,1.92,1
1,0,0,33.06,42.62,43.86,8.41,12.17,22.16,12.22,1.02,1.49,0
0,0,1,32.47,43.23,47.98,5.48,10.38,18.09,13.62,4.16,2.45,1
1,0,0,37.44,42.91,54.41,8.96,10.09,14.5,5.66,3.47,2.02,0
0,0,1,39.35,49.62,49.98,3.45,7.43,15.14,8.56,4.88,3.03,1
0,0,1,34.69,39.45,43.41,9.58,12.45,19.59,8.64,2.32,4.87,1
0,0,1,18.84,24.95,28.41,3.75,6.68,17.35,13.48,7.02,3.3,0
1,0,0,25.15,31.17,40.42,4.61,6.9,28.28,12.15,2.8,4.56,0
1,0,0,42.84,54.65,61.04,8.05,9.61,17.37,9.16,2.59,3.6,0
1,0,0,21.74,32.45,30.28,5.15,7.86,17.47,11.05,4.36,2.9,0
1,0,0,26.17,35.48,42.97,6.87,7.47,17.67,13.17,4.49,4.42,1
0,1,0,27.96,37.51,40.06,5.56,11.45,26.73,3.11,2.51,2.89,1
1,0,0,28.18,36.24,41.92,7.94,11.51,23.02,7.83,2.9,4.47,1
1,0,0,33.39,44.91,52.53,3.83,13.25,22.28,13.89,2.19,2.17,0
1,0,0,43.29,50.76,55.28,2.47,9.18,16.68,11.88,6.03,1.52,1
1,0,0,22.22,28.65,35.8,4.4,5.73,26.36,9.51,6.39,4.42,1
1,0,0,18.65,23.11,26.81,5.79,7.74,10.77,9.36,4.24,3.35,0
1,0,0,20.92,31.0,29.9,3.34,14.8,27.42,7.17,6.0,4.56,0
1,0,0,41.61,51.22,52.71,4.84,10.96,20.25,9.25,6.15,4.75,1
1,0,0,34.37,40.83,42.71,5.2,12.1,17.97,10.86,1.97,1.21,0
0,1,0,23.58,26.8,39.15,2.46,5.07,19.94,8.02,7.76,3.0,1
1,0,0,39.48,50.03,52.6,6.67,10.18,23.35,11.57,6.75,2.5,0
0,0,1,40.84,43.94,55.42,9.07,5.38,10.26,13.33,2.43,3.5,1
1,0,0,40.4,49.73,50.49,3.21,10.69,27.43,4.86,2.3,4.17,0
1,0,0,42.57,54.3,54.12,6.78,14.21,18.93,8.42,1.88,2.12,0
1,0,0,22.57,29.51,38.53,7.32,14.68,16.86,7.9,1.97,3.23,0
1,0,0,37.65,42.77,57.23,5.35,10.41,12.76,11.25,6.24,3.83,1
1,0,0,28.82,38.16,37.42,7.61,9.58,18.79,6.0,4.29,1.54,1
1,0,0,40.26,50.61,58.94,5.29,14.45,19.93,10.68,6.48,4.26,0
1,0,0,36.85,44.77,51.78,6.04,11.74,18.07,13.53,6.22,3.42,0
1,0,0,38.29,50.0,53.06,2.06,5.65,23.57,8.02,5.23,4.8,1
1,0,0,34.68,38.15,48.69,7.53,9.66,18.42,13.93,5.8,2.36,0
1,0,0,20.32,27.87,29.16,7.29,7.4,29.23,14.92,1.13,1.43,1
1,0,0,31.35,40.82,40.43,2.31,9.7,21.99,4.27,3.18,3.03,0
0,0,1,44.54,55.3,59.75,4.95,9.55,26.15,5.8,5.46,1.34,0
1,0,0,43.12,47.73,55.21,9.83,10.82,12.19,14.4,1.07,4.88,0
1,0,0,16.3,26.5,35.3,5.37,8.57,17.95,14.5,1.23,1.15,0
0,0,1,19.94,27.92,32.82,6.02,6.64,16.74,4.17,6.96,4.01,1
1,0,0,18.95,25.52,28.67,9.28,10.04,21.39,3.18,5.79,3.1,0
0,0,1,36.78,40.96,53.36,7.74,13.3,27.22,4.93,2.86,2.47,0
1,0,0,39.53,50.32,51.05,6.66,11.64,11.57,14.95,5.82,1.26,1
0,0,1,21.41,25.82,35.71,8.38,8.38,11.45,5.16,6.55,3.49,0
1,0,0,30.18,35.96,46.55,8.91,14.36,27.01,9.03,3.15,3.34,0
0,0,1,40.22,45.83,59.02,5.66,14.12,14.26,13.18,1.25,2.12,1
1,0,0,36.98,47.83,54.49,5.8,7.09,23.38,3.24,7.53,4.64,1
1,0,0,31.27,40.32,47.38,5.09,5.39,20.86,10.25,3.42,2.22,0
1,0,0,32.71,42.88,48.87,9.73,12.41,26.66,6.32,1.75,2.8,1
1,0,0,30.25,35.51,49.6,7.58,13.28,12.5,13.35,4.44,3.18,1
1,0,0,23.93,32.55,35.48,2.67,14.68,12.6,6.4,6.38,1.4,0
1,0,0,31.95,40.1,39.96,8.9,13.9,21.14,11.24,2.55,4.73,0
0,0,1,35.67,46.16,46.93,5.84,11.01,28.93,11.09,2.89,2.5,1
1,0,0,41.2,52.35,51.81,2.55,10.3,18.3,5.66,2.7,1.32,1
0,0,1,34.09,37.2,50.03,6.4,5.28,16.54,3.42,7.94,2.55,0
1,0,0,37.83,46.9,53.44,5.34,7.47,22.13,7.91,2.38,3.4,1
0,0,1,19.8,23.27,34.92,9.02,9.6,28.61,6.47,5.03,3.05,1
0,0,1,28.85,36.79,37.04,3.63,11.29,26.74,12.71,7.48,3.78,0
1,0,0,15.28,20.87,32.03,8.61,10.57,29.91,12.6,2.03,1.22,0
0,0,1,22.4,28.16,34.28,6.46,12.43,10.45,8.48,7.8,2.14,0
0,1,0,36.79,42.97,52.77,2.44,7.8,12.26,10.28,7.63,4.28,1
1,0,0,44.75,53.35,59.43,9.77,10.65,22.19,10.25,7.19,1.32,0
1,0,0,17.98,23.98,30.09,6.1,5.88,26.41,12.93,2.5,4.42,0
1,0,0,27.04,36.64,36.66,4.33,9.14,15.7,8.1,5.44,1.37,1
0,1,0,39.0,45.64,48.14,5.76,12.5,14.78,6.31,6.33,4.34,1
1,0,0,21.12,24.74,39.1,8.86,11.93,25.74,6.18,7.9,2.44,0
1,0,0,31.65,41.71,50.67,4.44,14.91,11.13,9.43,2.26,3.45,1
1,0,0,36.99,42.56,52.79,3.54,7.78,17.39,8.39,6.36,1.61,0
1,0,0,33.48,40.37,42.72,3.03,9.98,20.12,8.28,3.37,1.26,1
0,1,0,20.64,29.81,33.47,4.38,8.3,21.21,4.09,2.23,1.86,0
0,0,1,25.66,31.65,42.41,8.24,9.41,24.57,11.62,3.95,1.51,0
1,0,0,38.51,42.02,55.87,5.77,13.57,17.1,5.56,6.56,2.25,1
1,0,0,31.63,37.99,41.05,3.82,11.84,22.25,5.36,4.25,3.06,0
1,0,0,15.16,26.66,23.16,3.33,13.82,21.71,7.95,4.76,3.36,0
1,0,0,37.83,46.61,54.38,4.66,7.04,20.95,5.73,7.97,4.16,1
1,0,0,16.06,25.1,28.34,9.52,13.73,22.81,10.01,3.79,3.62,1
1,0,0,37.37,46.06,48.43,4.74,5.6,15.19,7.46,5.31,3.44,1
1,0,0,21.07,25.87,29.23,9.9,13.89,11.69,8.39,3.56,2.65,1
1,0,0,43.74,50.51,58.23,5.88,8.29,12.39,9.45,3.75,2.9,0
1,0,0,26.04,35.8,44.25,3.43,8.15,14.49,5.44,5.87,2.66,0
1,0,0,24.81,28.72,44.3,9.13,10.12,20.0,4.87,7.57,4.37,0
0,0,1,19.47,24.97,34.26,5.68,14.41,26.81,13.57,4.8,1.92,0
1,0,0,24.17,29.65,38.34,7.68,5.48,24.03,8.2,6.38,1.02,1
1,0,0,41.3,48.19,50.32,9.87,8.52,25.78,7.95,1.62,3.61,0
0,1,0,44.89,56.71,59.48,2.4,13.57,17.02,3.43,2.48,1.81,0
1,0,0,26.05,29.66,38.61,2.77,8.96,18.09,8.98,4.51,4.56,0
1,0,0,28.46,36.13,43.74,7.76,6.99,17.87,9.65,1.14,4.44,1
1,0,0,36.66,41.28,49.33,4.25,9.25,13.84,9.71,2.77,1.31,0
1,0,0,41.59,53.32,52.47,3.47,8.86,11.22,11.48,4.62,1.43,0
0,1,0,32.79,36.81,41.93,2.31,14.15,21.82,5.13,1.1,2.98,0
1,0,0,26.75,33.38,38.52,2.17,12.62,29.78,6.03,2.85,3.44,1
0,1,0,27.38,37.02,36.54,8.2,10.05,13.34,12.73,4.6,2.1,0
1,0,0,35.87,45.21,45.99,3.08,14.88,10.93,14.37,5.01,3.87,1
1,0,0,15.1,21.9,34.94,5.74,9.65,25.59,4.63,7.48,3.38,1
0,0,1,33.59,39.71,46.92,6.85,5.58,15.05,8.97,5.52,2.3,0
1,0,0,25.66,32.24,40.05,5.43,7.62,26.59,5.57,3.9,1.1,1
1,0,0,38.83,44.2,57.31,2.22,9.36,24.08,3.72,7.51,4.0,1
1,0,0,17.79,22.64,37.74,8.27,6.57,28.91,6.91,6.49,1.86,1
1,0,0,32.65,39.99,47.64,2.08,14.48,18.18,4.72,2.4,4.34,0
1,0,0,29.43,34.85,47.18,8.1,12.67,23.24,11.52,1.92,2.68,0
0,1,0,34.27,39.86,46.19,9.15,7.68,19.3,9.4,5.73,3.31,1
1,0,0,16.95,25.86,28.61,5.46,10.91,22.61,4.73,4.92,4.49,0
1,0,0,32.4,44.12,45.23,6.28,12.21,18.99,3.11,6.53,4.45,1
0,1,0,31.84,40.28,47.91,5.82,14.41,13.77,12.7,6.17,2.49,1
1,0,0,31.82,35.51,48.01,5.11,13.82,20.16,5.11,5.38,1.84,1
1,0,0,33.1,36.78,44.89,9.1,10.15,20.57,10.27,7.9,4.1,0
1,0,0,35.29,46.86,44.89,9.15,12.75,26.21,7.04,4.74,2.73,0
0,0,1,39.15,44.83,54.74,4.69,10.62,24.71,10.03,1.79,1.77,1
0,1,0,23.09,26.92,32.63,6.92,10.53,23.28,6.79,6.8,4.62,1
1,0,0,39.75,48.14,54.69,9.42,6.15,12.27,4.04,2.76,1.79,0
1,0,0,29.95,38.56,46.27,9.7,6.26,24.41,5.68,6.44,1.1,1
0,0,1,17.31,26.15,33.72,6.07,10.3,20.01,5.26,7.7,1.08,1
1,0,0,16.76,22.16,33.8,5.62,7.69,27.88,8.14,5.88,3.49,0
1,0,0,25.03,28.16,43.5,4.23,5.21,28.4,10.9,5.17,3.65,0
0,0,1,38.55,50.23,52.55,9.67,12.23,11.1,6.17,4.22,2.24,0
0,1,0,36.23,41.49,52.99,3.14,5.32,26.41,3.14,3.55,2.28,0
1,0,0,38.66,47.74,54.09,6.64,10.95,10.75,9.23,3.47,2.36,0
1,0,0,30.52,39.88,40.76,4.26,10.39,17.34,10.27,5.45,3.72,1
1,0,0,28.21,36.7,36.51,4.23,14.69,20.85,14.55,6.26,1.23,0
1,0,0,19.42,25.24,30.84,5.24,9.84,12.96,10.07,5.75,4.72,0
0,0,1,24.85,30.29,38.16,9.99,5.64,24.93,8.65,2.39,1.89,0
1,0,0,28.02,36.4,43.43,2.44,10.52,10.17,9.88,4.46,5.0,0
0,0,1,17.66,28.45,35.86,6.63,13.41,13.37,14.13,6.54,1.69,1
1,0,0,21.62,33.14,31.97,2.66,14.97,21.62,12.94,4.33,4.09,0
1,0,0,32.95,36.9,42.45,3.24,9.3,24.29,6.88,4.76,1.89,0
1,0,0,37.07,41.46,56.63,5.52,8.2,28.33,5.85,6.4,1.32,1
1,0,0,44.95,56.45,54.25,6.08,14.07,24.11,6.15,5.63,4.5,0
1,0,0,42.99,52.62,56.74,4.07,6.91,23.44,9.05,3.87,4.44,0
1,0,0,34.28,45.22,49.3,4.53,11.15,17.89,11.93,7.27,2.61,0
1,0,0,27.64,32.46,42.13,2.7,9.06,10.03,9.04,2.14,3.81,0
1,0,0,34.09,42.37,43.12,4.43,5.41,12.4,3.81,7.97,3.23,0
1,0,0,38.57,47.88,47.25,9.73,8.47,20.69,11.68,1.83,4.41,0
1,0,0,18.55,27.67,27.82,9.56,7.65,23.5,12.67,1.1,2.26,0
1,0,0,27.3,33.97,42.32,4.68,11.86,18.35,6.47,7.23,3.09,1
1,0,0,40.19,43.33,54.73,6.57,14.49,24.61,10.97,2.71,2.94,0
1,0,0,26.51,34.76,37.32,9.28,7.68,20.44,8.12,6.11,2.42,0
1,0,0,32.16,37.43,47.81,2.05,13.11,11.48,13.67,6.68,4.57,1
1,0,0,32.63,39.69,50.47,8.49,5.55,13.84,13.14,7.01,1.66,0
1,0,0,20.53,32.15,29.03,9.59,10.38,26.8,9.31,7.94,1.6,1
1,0,0,25.87,32.46,39.84,2.73,5.71,24.5,11.3,3.06,3.31,0
0,1,0,25.04,35.59,41.31,3.29,14.34,27.9,13.6,5.97,3.63,1
1,0,0,15.79,20.48,26.81,9.69,12.66,12.35,8.95,1.81,1.78,0
1,0,0,15.73,24.78,27.42,6.3,11.58,29.8,6.76,3.85,2.56,0
1,0,0,39.95,51.74,55.31,2.11,13.24,14.19,12.04,6.94,4.79,0
0,0,1,23.19,27.11,41.97,4.06,11.48,10.24,5.64,3.57,1.99,1
1,0,0,30.54,33.62,48.26,5.6,14.69,29.95,7.66,5.14,3.67,0
1,0,0,23.96,30.86,38.96,7.54,12.14,15.62,13.39,4.53,3.96,0
1,0,0,43.22,47.05,59.98,7.87,14.25,23.36,11.69,5.52,2.79,0
1,0,0,22.78,32.51,35.16,9.96,10.17,13.53,7.85,7.81,4.75,1
0,0,1,27.89,39.12,43.58,4.3,6.17,21.6,5.58,1.39,3.95,0
1,0,0,41.18,48.09,54.78,6.31,10.28,28.08,7.27,5.02,2.83,1
1,0,0,40.26,45.59,50.54,6.27,6.27,16.4,6.41,7.04,3.28,0
0,1,0,20.58,27.49,37.0,5.25,10.92,23.41,5.11,4.37,3.77,0
1,0,0,39.08,48.59,53.76,3.35,9.82,13.76,11.92,1.55,3.37,0
1,0,0,28.75,31.83,41.05,9.82,11.23,22.5,6.02,4.92,4.51,0
1,0,0,29.49,37.79,48.43,8.83,5.1,16.73,8.45,3.32,2.43,0
1,0,0,19.0,27.52,27.26,5.99,6.95,14.22,7.63,2.08,2.2,0
1,0,0,17.42,26.16,29.21,6.83,9.91,16.26,14.78,6.94,1.86,1
1,0,0,36.84,42.02,45.52,3.82,14.51,13.58,7.69,4.65,1.15,0
1,0,0,29.89,39.32,47.09,6.35,8.84,28.04,3.96,7.53,1.17,0
0,1,0,28.11,31.93,44.53,7.56,9.24,17.94,4.08,6.64,4.48,0
0,0,1,36.89,41.68,48.86,6.12,12.15,14.91,10.09,5.85,3.71,0
1,0,0,37.97,48.86,54.07,9.92,11.04,18.97,10.19,1.04,3.64,0
1,0,0,19.77,29.42,32.52,6.89,7.99,16.41,8.03,3.99,3.46,0
1,0,0,33.31,36.43,50.38,4.97,9.11,24.89,8.18,2.38,4.4,0
1,0,0,19.06,24.3,32.51,8.18,7.18,29.42,3.65,7.38,2.92,1
1,0,0,37.54,42.47,50.49,3.36,14.66,18.76,9.2,2.22,4.48,1
1,0,0,34.71,40.15,53.93,5.08,6.31,27.22,9.06,3.0,2.44,0
1,0,0,43.7,48.93,54.71,4.78,8.72,21.32,4.79,4.62,4.71,0
1,0,0,17.07,20.63,26.51,5.45,5.26,13.14,4.25,2.84,3.79,1
0,0,1,16.71,23.84,31.73,8.25,7.22,23.81,4.48,2.47,2.03,0
1,0,0,23.47,33.06,43.1,5.87,12.8,20.27,4.21,5.19,3.26,0
0,0,1,22.85,31.31,35.39,8.35,7.01,23.01,10.32,1.62,3.13,0
1,0,0,22.41,31.47,31.15,6.61,5.8,27.79,5.36,1.41,1.55,1
0,0,1,42.19,45.92,54.26,4.74,9.74,18.81,6.02,3.61,3.36,1
1,0,0,22.49,34.05,36.56,8.48,5.1,28.02,5.08,6.04,2.26,0
1,0,0,23.16,33.7,33.1,3.91,5.85,25.01,14.49,4.88,1.21,0
1,0,0,37.78,48.03,53.68,3.8,13.08,19.77,13.26,3.96,4.79,0
1,0,0,28.49,38.9,48.47,6.04,12.71,22.06,5.77,4.96,3.57,1
1,0,0,38.3,49.7,51.72,4.09,14.15,16.51,6.93,3.56,4.51,0
1,0,0,16.96,24.86,29.22,2.07,13.55,29.67,5.52,7.55,3.7,0
1,0,0,29.63,34.43,42.44,7.19,11.83,23.35,8.9,1.38,2.43,1
1,0,0,16.01,24.56,25.39,6.09,5.52,10.88,3.24,5.71,3.05,0
1,0,0,16.88,26.57,35.48,5.56,12.83,16.53,11.06,7.24,3.7,1
1,0,0,42.19,51.83,55.17,9.74,13.46,22.47,9.28,6.63,4.84,0
1,0,0,19.18,26.87,31.82,6.57,12.99,11.13,13.78,2.29,2.01,0
0,0,1,30.97,34.59,46.89,8.91,10.08,10.48,4.97,3.07,4.5,0
1,0,0,27.33,33.67,40.64,3.12,7.33,19.0,12.65,6.02,4.7,1
0,0,1,25.42,36.71,41.2,6.55,13.45,16.65,12.5,1.59,3.68,1
1,0,0,42.0,50.26,50.73,8.94,12.27,18.77,4.53,6.68,4.73,1
1,0,0,15.65,23.5,33.42,6.66,14.81,15.25,7.78,6.03,2.59,0
1,0,0,34.91,40.33,54.2,7.74,6.56,13.29,5.04,6.11,4.81,1
1,0,0,43.9,50.22,59.69,4.98,7.26,23.78,6.06,1.7,3.81,0
1,0,0,31.81,42.86,51.26,2.74,7.12,20.29,6.16,6.02,1.17,0
1,0,0,43.1,52.1,52.92,5.66,12.93,14.0,9.67,5.76,4.63,1
1,0,0,16.57,26.65,30.3,5.16,6.87,16.39,7.94,6.82,2.94,0
1,0,0,27.56,34.65,42.79,8.94,5.67,21.84,14.37,1.29,2.84,0
1,0,0,22.8,31.48,37.79,3.95,14.99,11.44,4.52,1.16,3.27,0
1,0,0,36.92,42.16,49.74,9.73,5.25,12.95,14.68,3.61,1.6,0
1,0,0,44.44,53.79,56.5,9.67,13.35,11.46,5.77,2.04,2.88,0
1,0,0,22.7,29.54,32.22,3.98,8.65,26.25,12.27,4.91,4.32,0
1,0,0,34.63,41.61,47.33,4.78,13.42,25.05,7.07,7.42,1.06,0
1,0,0,20.94,29.79,30.89,9.16,10.55,25.07,4.72,3.74,2.09,1
1,0,0,31.96,43.39,48.77,9.73,14.02,24.33,13.29,6.91,1.01,1
1,0,0,28.92,32.49,39.42,5.55,14.26,23.39,6.71,1.0,2.66,0
1,0,0,44.16,54.58,52.86,4.57,5.09,19.54,10.91,2.18,3.91,0
1,0,0,33.26,38.89,47.88,6.21,5.75,22.85,9.8,1.21,4.2,0
1,0,0,25.49,32.48,40.63,7.5,7.5,10.77,8.66,3.3,4.78,0
1,0,0,18.42,21.62,36.89,4.19,11.69,22.43,8.95,7.36,3.43,0
1,0,0,19.54,25.25,34.46,7.89,13.88,25.56,11.79,1.68,2.02,1
1,0,0,21.76,29.28,33.91,2.41,9.6,20.01,4.05,5.24,4.7,0
1,0,0,22.53,26.03,40.17,2.39,11.07,17.15,11.02,4.16,4.1,0
1,0,0,40.52,47.94,55.0,5.09,6.88,15.55,13.75,7.57,3.3,0
0,1,0,31.84,43.18,40.79,4.83,13.05,22.86,3.69,1.86,3.78,0
1,0,0,30.7,34.65,45.49,4.53,14.67,23.86,4.69,2.48,4.7,1
1,0,0,18.44,28.32,37.34,5.93,7.69,27.42,11.6,1.21,3.85,1
1,0,0,40.8,47.49,53.56,4.57,9.95,16.85,8.25,4.04,2.47,0
1,0,0,36.68,45.58,48.24,3.54,5.86,25.4,7.84,2.94,3.85,1
0,0,1,17.03,22.37,26.75,4.48,10.59,21.23,4.64,7.09,1.16,0
1,0,0,36.24,40.67,46.05,9.8,10.03,27.66,9.08,5.23,2.55,1
0,0,1,31.31,35.75,44.5,5.29,6.44,20.56,4.52,5.3,2.63,1
1,0,0,17.45,21.09,32.6,5.56,9.42,20.35,8.72,4.72,1.67,0
1,0,0,28.75,33.42,37.72,6.61,8.34,21.56,12.16,1.64,1.09,0
1,0,0,29.54,38.52,48.82,9.87,10.22,24.99,6.1,4.12,1.53,0
1,0,0,19.97,30.91,37.03,3.93,10.86,29.29,8.77,8.0,3.62,0
1,0,0,43.37,53.7,58.41,7.45,5.08,11.47,14.9,6.85,4.21,1
1,0,0,40.5,49.67,58.44,7.73,12.61,11.07,11.24,7.25,4.95,0
1,0,0,35.07,39.06,44.03,6.86,12.13,28.75,13.1,6.76,2.39,0
0,0,1,28.87,34.47,42.59,2.71,8.66,20.6,7.98,1.72,3.4,1
1,0,0,27.35,33.14,42.91,7.41,5.53,22.3,12.21,2.59,4.75,1
1,0,0,34.53,39.78,52.47,2.51,12.55,19.65,3.49,1.02,1.67,0
1,0,0,31.36,39.0,48.76,6.77,14.55,11.87,4.47,3.12,3.87,0
1,0,0,16.87,24.69,28.19,7.92,7.4,25.36,5.44,1.76,4.02,0
1,0,0,30.38,36.59,49.67,3.69,8.24,24.94,7.82,4.31,1.36,0
1,0,0,39.19,45.38,48.68,8.73,6.84,16.23,13.15,5.74,4.44,1
1,0,0,28.78,39.23,47.28,2.24,10.77,16.12,7.16,7.12,4.25,0
1,0,0,16.56,26.66,36.21,8.75,6.55,26.76,10.86,6.24,1.13,0
1,0,0,38.59,44.36,48.71,5.68,8.56,11.45,11.51,7.57,1.36,0
1,0,0,21.04,32.27,37.71,3.74,11.97,27.62,10.03,1.38,1.2,0
0,0,1,22.76,34.33,31.24,3.07,10.6,15.13,7.29,1.09,2.34,1
1,0,0,19.94,25.88,32.81,9.63,8.86,21.86,9.92,5.63,3.04,1
1,0,0,24.91,31.1,39.1,2.58,9.2,28.72,7.11,3.03,3.13,0
1,0,0,37.7,45.25,52.67,3.59,10.62,23.56,4.01,2.77,2.07,0
0,1,0,30.58,42.05,49.81,4.78,5.06,18.29,14.91,3.32,4.65,0
1,0,0,21.15,32.03,37.21,6.96,5.79,23.79,4.53,2.89,2.47,1
1,0,0,41.33,45.26,55.11,6.36,13.81,16.88,3.87,4.58,1.18,1
1,0,0,41.39,47.92,59.1,3.01,5.78,15.55,13.54,4.08,2.2,0
1,0,0,41.12,49.1,60.52,4.32,12.07,29.93,6.62,4.59,3.12,1
1,0,0,22.16,29.69,30.43,3.91,14.2,25.02,10.8,5.71,2.63,1
1,0,0,28.54,33.28,48.33,3.71,7.71,22.89,6.95,3.71,2.1,0
1,0,0,44.55,55.28,53.58,5.29,8.7,17.11,7.7,2.76,1.53,1
1,0,0,38.16,47.25,55.93,7.63,10.69,10.98,6.15,2.16,4.28,0
1,0,0,15.82,26.36,27.18,3.74,13.82,10.62,7.12,3.45,4.98,0
0,0,1,16.96,27.69,26.54,4.93,14.42,21.08,7.93,6.19,2.32,0
1,0,0,28.92,38.65,42.2,5.13,12.4,25.24,11.64,6.3,2.53,0
1,0,0,42.28,49.23,58.0,9.81,5.87,20.75,9.14,5.67,3.47,0
1,0,0,31.16,39.66,43.73,9.64,11.69,26.82,14.32,2.64,3.87,1
1,0,0,29.93,34.38,38.59,8.4,9.1,10.67,3.5,5.12,2.57,0
1,0,0,18.16,27.23,33.36,3.93,9.71,17.34,9.04,4.99,4.62,1
0,0,1,34.7,39.32,53.53,2.54,5.49,14.74,10.01,4.39,3.24,0
0,0,1,39.66,48.91,52.26,4.54,6.91,18.95,14.04,4.85,2.8,0
1,0,0,26.41,31.48,37.01,4.13,12.91,11.45,3.59,4.44,3.59,0
1,0,0,38.27,42.33,51.58,6.05,9.54,29.08,9.88,4.96,4.81,0
1,0,0,43.93,48.42,52.51,8.22,8.02,14.47,13.24,6.01,4.18,1
1,0,0,21.11,24.13,38.96,8.87,8.84,28.45,5.9,1.77,1.16,0
1,0,0,30.7,40.17,48.62,8.76,13.54,18.52,13.52,6.25,2.33,0
1,0,0,23.61,33.21,38.67,4.88,12.49,29.71,3.23,1.95,2.88,0
1,0,0,38.79,46.42,51.02,7.5,7.72,21.08,11.79,1.47,2.26,1
1,0,0,32.33,36.78,49.93,4.5,6.18,28.62,14.2,7.83,3.8,1
1,0,0,34.04,37.79,48.69,2.49,7.52,10.11,10.89,7.7,4.31,1
1,0,0,38.94,42.11,56.85,7.61,14.21,24.96,8.27,1.42,3.93,0
1,0,0,26.88,31.37,42.46,2.08,10.82,28.06,3.54,4.1,4.96,0
1,0,0,42.45,53.47,59.87,5.27,10.33,12.79,14.04,2.3,2.09,0
1,0,0,30.99,36.16,46.17,4.64,10.96,11.92,8.64,4.4,4.5,0
1,0,0,19.74,25.93,32.71,7.55,8.66,18.49,3.35,6.81,4.07,0
1,0,0,35.88,39.83,55.37,8.13,13.07,28.67,11.28,7.65,2.45,0
1,0,0,38.8,43.8,53.29,4.43,10.23,20.85,8.78,5.44,3.94,0
1,0,0,24.5,32.18,39.76,8.49,6.17,20.55,4.49,3.48,1.42,0
0,0,1,40.72,49.19,51.36,4.35,6.29,12.82,5.57,5.22,4.16,1
1,0,0,42.18,47.39,57.69,5.57,10.37,10.02,3.77,3.18,3.13,0
1,0,0,23.31,26.83,38.17,7.82,14.37,26.2,9.89,7.37,2.17,0
1,0,0,44.51,51.02,54.72,7.54,8.08,11.75,10.46,7.09,3.62,1
0,0,1,19.22,24.33,27.94,9.9,13.7,22.68,9.07,4.91,3.57,0
1,0,0,21.06,26.04,36.31,3.8,12.64,28.29,12.81,3.27,1.84,1
0,0,1,20.53,32.17,37.69,7.3,7.48,14.17,13.33,3.05,1.12,0
1,0,0,41.82,50.37,56.1,6.88,5.36,23.31,10.39,1.23,2.73,0
0,0,1,34.63,42.64,45.35,9.32,6.02,11.57,3.15,6.71,3.28,1
1,0,0,19.56,26.31,35.56,3.25,12.28,22.08,11.34,4.15,4.51,1
1,0,0,28.21,35.07,37.17,8.01,7.0,13.28,8.02,3.28,4.71,1
0,1,0,33.46,41.33,46.76,6.55,8.71,24.72,9.79,4.3,3.12,0
0,0,1,17.5,26.77,27.46,4.2,10.02,16.02,10.79,6.73,4.02,0
1,0,0,41.47,50.79,51.69,5.8,12.25,19.27,7.2,1.87,2.76,0
1,0,0,39.11,43.65,49.54,4.67,6.13,21.99,14.01,7.0,3.98,0
1,0,0,30.16,37.66,42.8,6.63,9.06,13.43,4.61,7.28,1.82,1
1,0,0,44.01,50.72,52.63,9.11,9.85,24.83,11.06,7.63,2.48,0
1,0,0,27.53,38.37,40.31,6.55,10.41,16.05,3.05,3.78,3.54,1
0,0,1,44.52,53.21,58.66,7.05,13.18,23.25,14.1,2.52,1.07,0
1,0,0,35.04,42.83,48.84,6.15,6.72,13.17,4.35,3.62,3.89,0
1,0,0,34.04,38.08,46.63,2.41,13.08,23.76,4.14,3.33,4.34,0
1,0,0,19.98,28.43,38.05,3.86,11.93,12.56,7.0,2.23,2.6,1
1,0,0,41.46,45.51,51.2,5.94,10.56,18.51,7.48,5.25,2.79,1
0,1,0,27.82,33.86,41.89,4.48,12.0,14.94,5.57,4.34,4.41,1
1,0,0,19.87,24.15,28.61,3.45,9.12,24.97,10.02,7.06,4.1,1
1,0,0,15.38,24.61,24.23,6.03,6.38,15.24,8.31,1.22,2.15,1
1,0,0,31.79,36.65,46.68,4.58,11.66,27.63,3.41,5.51,2.3,1
1,0,0,30.82,37.35,45.61,4.06,10.25,27.84,6.84,6.34,3.72,0
0,1,0,36.58,47.64,55.12,5.71,11.39,13.93,12.73,6.32,3.25,0
0,0,1,41.71,46.55,56.4,3.07,8.38,22.28,11.28,7.2,1.65,0
1,0,0,17.38,24.95,36.9,9.42,14.07,11.75,11.7,6.1,2.24,1
0,1,0,36.94,43.72,45.53,8.94,10.87,17.83,11.38,7.49,4.6,1
1,0,0,20.62,23.79,29.8,7.66,5.85,24.27,6.73,3.33,3.75,0
1,0,0,40.75,50.88,49.27,2.85,9.5,23.19,4.2,4.52,4.94,1
1,0,0,39.57,43.19,49.8,8.21,12.56,22.49,6.27,1.1,4.07,1
1,0,0,31.22,38.49,45.72,8.46,12.94,15.65,12.98,1.05,4.77,0
1,0,0,36.31,44.35,52.05,8.14,9.95,17.56,14.77,2.68,1.86,0
1,0,0,24.43,33.09,32.98,2.91,13.95,12.06,8.93,1.71,4.09,1
1,0,0,29.14,38.33,48.49,7.15,7.68,24.38,3.12,2.82,1.08,0
0,0,1,39.65,44.93,57.76,8.67,9.11,20.08,4.68,2.24,3.68,1
1,0,0,28.78,31.87,40.34,6.62,13.99,24.18,6.86,1.2,2.88,0
0,0,1,25.73,35.24,34.66,7.17,13.96,14.98,9.94,7.37,2.39,1
1,0,0,29.83,37.65,39.87,5.67,11.86,16.49,3.9,1.06,4.45,1
1,0,0,39.85,50.37,49.37,6.23,13.59,16.68,14.32,6.15,4.42,1
1,0,0,25.06,35.45,34.54,2.28,5.89,10.51,7.38,2.07,1.09,0
1,0,0,20.21,30.8,34.44,7.11,13.65,16.82,13.95,7.39,3.44,1
1,0,0,36.36,43.73,47.31,2.65,8.21,26.07,12.37,7.25,2.47,1
1,0,0,39.78,45.78,52.08,5.48,6.78,27.95,12.07,5.58,2.66,0
1,0,0,18.02,28.14,37.89,4.34,7.39,20.36,10.28,5.71,4.33,1
1,0,0,22.2,29.26,38.41,6.36,9.18,19.11,10.52,1.04,2.24,0
0,0,1,19.26,23.91,38.65,3.07,7.51,10.62,10.66,7.89,4.77,0
1,0,0,25.44,36.13,35.15,7.53,8.21,27.58,10.54,7.14,1.72,0
1,0,0,28.51,39.45,41.1,8.36,6.35,10.26,9.64,7.27,3.65,0
1,0,0,37.46,44.66,52.12,3.31,7.96,28.9,14.84,5.61,3.69,0
1,0,0,34.53,38.22,43.46,2.83,10.72,19.78,11.79,3.41,2.01,1
0,1,0,33.63,40.12,41.68,3.16,9.42,16.84,12.32,7.26,2.3,0
1,0,0,25.57,35.8,41.62,9.02,8.47,28.48,13.47,3.04,4.34,1
1,0,0,40.24,51.36,55.95,6.23,12.46,10.49,5.59,4.94,4.05,0
1,0,0,29.14,33.97,42.07,5.74,13.94,21.63,4.01,1.7,2.32,0
1,0,0,44.37,47.98,58.25,2.85,12.57,20.98,8.79,7.45,3.14,0
1,0,0,34.02,44.92,47.01,7.2,8.32,14.39,9.17,1.99,1.25,1
0,0,1,18.79,25.29,27.08,8.94,12.44,18.58,12.95,2.57,1.83,0
1,0,0,35.29,43.16,47.31,8.63,6.52,23.05,8.33,4.91,2.94,1
1,0,0,24.75,36.47,34.88,7.01,6.3,24.54,9.85,6.35,1.34,1
0,0,1,35.59,39.19,44.77,2.6,8.46,10.01,9.32,5.34,4.37,1
1,0,0,17.09,25.92,36.57,2.9,13.08,28.74,3.46,2.62,3.87,0
1,0,0,20.25,23.91,35.44,2.39,7.46,13.29,10.38,1.01,4.77,0
1,0,0,40.67,47.05,57.42,4.06,5.63,14.67,12.94,6.3,3.77,1
1,0,0,21.82,32.05,33.6,3.09,6.32,15.27,4.89,7.9,4.76,0
0,0,1,40.11,47.01,52.83,4.08,13.59,10.76,10.13,6.67,3.22,1
1,0,0,23.38,35.35,34.22,5.08,11.34,12.46,10.12,4.22,3.4,0
1,0,0,34.29,42.32,43.45,9.54,7.53,29.73,4.97,7.33,4.91,1
1,0,0,35.82,41.71,45.97,6.88,10.55,16.3,4.48,3.87,3.57,1
0,0,1,30.38,35.36,47.95,8.68,10.28,12.31,14.76,4.67,1.12,1
1,0,0,24.16,30.31,40.29,7.68,11.55,12.14,7.72,4.34,3.9,0
1,0,0,21.38,27.73,35.94,2.9,7.33,24.39,5.73,4.13,4.62,1
0,0,1,16.0,19.61,29.7,7.89,13.64,27.09,5.06,6.43,4.18,0
1,0,0,24.12,30.44,43.19,4.2,8.09,15.14,11.01,4.69,3.34,0
1,0,0,34.59,41.77,43.47,7.11,11.94,10.42,10.31,3.22,3.69,1
1,0,0,43.15,52.65,54.52,4.73,5.16,14.46,10.72,2.81,4.96,1
1,0,0,41.14,50.05,53.34,9.98,8.73,11.13,4.06,1.26,1.36,1
1,0,0,37.98,47.36,55.37,4.11,8.52,12.07,13.72,5.08,3.67,1
1,0,0,38.65,41.73,58.56,4.23,10.43,18.63,7.67,2.61,2.13,0
1,0,0,34.95,39.91,45.84,9.45,5.73,14.6,6.76,2.04,3.56,0
1,0,0,22.81,31.76,41.3,2.2,12.9,20.32,8.55,5.58,3.43,1
1,0,0,42.22,49.57,60.18,7.57,7.18,15.07,7.68,5.77,1.61,0
1,0,0,35.12,38.17,45.82,7.8,11.77,28.81,13.36,6.27,1.83,0
1,0,0,31.81,42.05,44.61,8.69,13.03,28.12,14.15,4.53,3.49,0
0,0,1,18.33,28.28,31.25,9.8,10.62,21.34,6.64,7.26,1.51,0
1,0,0,28.41,36.35,48.15,9.8,12.41,17.09,13.37,7.55,2.06,0
0,0,1,28.81,32.41,38.98,2.52,11.62,17.62,12.38,6.65,4.34,0
1,0,0,40.94,50.84,58.53,8.57,8.56,18.24,14.17,5.45,2.31,0
1,0,0,31.4,39.65,43.41,7.17,13.09,24.55,5.95,3.13,2.95,0
1,0,0,26.41,36.45,43.18,7.18,7.95,19.03,9.92,7.88,4.76,1
1,0,0,44.3,54.07,57.34,3.03,10.71,27.13,6.29,2.92,1.91,0
1,0,0,18.32,28.55,33.26,7.2,12.45,28.88,12.89,2.42,2.56,0
1,0,0,27.68,35.34,45.67,9.86,8.79,16.72,3.06,4.1,3.43,1
0,0,1,16.26,20.52,33.91,9.29,8.03,21.21,9.78,1.4,4.02,0
1,0,0,37.2,46.24,55.59,5.51,9.59,11.9,7.07,7.85,4.61,1
1,0,0,42.54,51.13,51.26,2.32,13.18,14.01,6.87,5.12,4.66,1
0,0,1,23.4,33.08,39.71,4.9,14.3,18.27,10.74,4.9,4.11,0
0,0,1,40.75,45.28,50.43,8.61,10.45,14.12,13.22,5.59,1.91,0
0,0,1,23.77,28.52,36.76,7.61,11.61,27.53,10.31,4.48,1.1,1
1,0,0,42.32,53.34,56.91,5.67,14.03,13.17,13.24,1.22,2.54,1
1,0,0,37.62,47.37,50.45,2.44,5.99,19.11,6.18,5.29,1.57,0
1,0,0,39.15,50.32,53.38,5.42,7.32,22.11,9.23,6.01,3.84,1
1,0,0,15.54,25.37,35.5,5.75,12.09,23.84,8.41,3.92,3.64,0
0,1,0,43.88,52.26,53.51,9.43,13.24,17.66,3.14,6.3,1.18,1
1,0,0,36.8,45.69,52.91,7.13,13.57,27.38,9.68,2.59,4.35,0
1,0,0,24.14,35.14,36.89,4.49,9.15,21.37,10.94,2.55,1.99,1
1,0,0,39.88,48.09,49.48,6.2,5.89,18.79,10.1,2.13,2.73,1
1,0,0,23.45,32.14,33.35,2.53,9.38,11.34,11.84,3.6,3.67,1
1,0,0,41.18,45.59,60.57,9.78,7.31,19.29,9.86,6.93,2.72,0
1,0,0,18.38,25.64,36.93,4.88,7.91,26.41,3.8,6.8,2.77,0
1,0,0,36.11,45.56,55.0,5.82,12.72,22.29,4.4,3.68,1.26,0
1,0,0,31.22,36.66,51.12,4.84,5.76,26.64,10.16,5.12,2.61,0
0,1,0,17.9,22.72,28.4,7.46,13.28,19.88,6.3,6.05,4.06,0
1,0,0,22.26,28.08,34.52,7.3,9.28,12.37,3.96,2.69,4.66,1
1,0,0,15.37,20.55,31.4,7.72,10.96,10.27,8.16,2.18,2.65,0
1,0,0,29.06,34.0,42.87,4.15,5.9,16.06,9.65,7.8,2.69,0
0,1,0,24.04,30.86,37.06,4.53,8.37,23.96,6.94,5.32,3.81,1
1,0,0,32.95,44.12,45.24,3.0,5.9,25.81,11.65,7.87,4.77,1
1,0,0,23.92,31.48,39.04,7.24,14.62,15.92,10.73,3.36,2.07,1
1,0,0,24.0,28.69,38.9,2.32,13.07,19.91,6.99,5.92,2.76,1
1,0,0,37.3,40.99,47.23,6.78,9.6,18.42,12.06,2.56,4.18,0
0,1,0,16.44,25.71,30.11,8.96,7.24,18.21,10.78,2.83,3.44,0
0,1,0,42.09,48.53,56.73,9.13,14.33,14.63,10.65,4.58,1.44,1
1,0,0,40.57,50.96,55.41,5.59,8.45,12.73,9.64,3.24,3.51,1
1,0,0,35.03,43.97,45.56,5.67,6.61,13.93,3.14,2.17,1.75,0
0,1,0,32.8,42.96,49.7,2.62,10.63,11.11,11.36,2.84,3.04,1
1,0,0,41.77,47.22,50.07,7.37,14.44,13.96,7.51,1.25,3.12,0
1,0,0,20.56,29.79,32.82,8.57,5.04,10.18,14.31,5.93,4.5,0
1,0,0,17.37,22.75,34.73,3.96,7.38,22.55,12.82,4.44,2.85,0
1,0,0,22.19,33.64,36.95,5.37,14.38,16.33,10.05,1.66,2.12,0
1,0,0,38.84,47.56,49.97,8.71,6.71,29.46,6.03,2.2,1.92,0
0,1,0,16.04,21.96,32.38,9.02,6.13,13.87,5.44,1.72,4.5,0
1,0,0,32.48,37.91,47.29,3.95,10.7,16.92,7.08,5.29,1.68,1
1,0,0,44.86,49.58,62.42,6.4,13.62,17.16,8.72,1.66,2.7,0
0,1,0,40.67,49.92,57.49,3.54,9.77,10.17,6.55,6.28,1.75,0
1,0,0,30.64,35.61,45.96,2.82,14.95,26.78,9.18,1.14,4.09,1
1,0,0,16.91,25.27,30.77,9.29,11.79,10.64,4.98,2.75,2.9,1
1,0,0,39.94,45.32,49.54,8.56,5.74,28.8,14.73,7.23,2.4,1
1,0,0,32.97,41.93,44.11,8.08,14.93,27.84,4.3,6.03,2.44,1
0,0,1,18.45,28.78,31.48,2.39,9.08,20.71,14.18,1.51,4.41,1
