ID,UNO,SERO,Inc100,Female,Age20,Age65,Weekend,Morning,Util,Happy,Meaning,Stress,Tired
1,1,0,0,1,0,0,0,1,0,2,3,3,3
2,1,0,0,0,0,0,0,1,0,2,2,2,1
3,1,0,0,0,0,0,1,0,0,3,2,2,2
4,1,0,1,0,0,1,0,0,0,3,3,1,1
5,1,0,0,1,0,1,1,0,0,1,2,3,3
6,1,0,0,1,0,0,1,0,0,3,3,1,1
7,1,0,0,1,0,1,1,0,0,2,3,2,2
8,1,0,0,1,0,0,0,0,0,3,1,1,1
9,1,0,0,0,0,0,1,1,0,3,3,1,1
10,1,0,0,0,0,1,1,0,0,3,3,1,1
11,1,0,0,0,0,1,1,0,0,3,2,1,1
12,1,0,0,1,0,0,0,0,0,2,3,2,2
13,1,0,0,0,0,0,0,0,0,3,3,1,3
14,1,0,0,0,0,0,0,0,0,3,2,1,1
15,1,0,0,0,0,0,1,0,0,1,2,2,2
16,1,0,0,1,0,1,0,0,0,3,2,1,1
17,1,0,1,0,0,1,1,1,0,2,2,2,2
18,1,0,0,1,0,0,1,1,0,2,3,1,2
19,1,0,1,1,0,1,1,0,0,3,3,1,1
20,1,0,0,0,0,1,1,1,0,3,3,3,1
21,1,0,0,1,0,0,0,0,0,3,3,1,1
22,1,0,0,0,0,0,0,0,0,3,2,1,2
23,1,0,0,1,0,0,0,0,0,3,3,1,1
24,1,0,0,1,0,0,0,0,0,1,3,3,3
25,1,0,0,1,0,0,1,0,0,3,3,1,2
26,1,0,0,1,0,1,1,0,0,3,3,1,1
27,1,0,0,1,0,0,1,0,0,1,3,1,1
28,1,0,0,0,0,1,1,0,0,2,2,2,2
29,1,0,0,0,0,0,1,1,0,3,2,1,1
30,1,0,0,1,0,0,1,0,0,2,2,2,1
31,1,0,1,1,0,1,1,0,0,3,3,1,1
32,1,0,0,0,0,0,1,0,0,3,3,1,1
33,1,0,1,1,0,0,0,0,0,2,3,2,2
34,1,0,0,1,0,0,1,0,0,1,2,3,3
35,1,0,0,0,0,0,1,1,0,3,2,2,2
36,1,0,0,0,0,1,1,1,0,3,3,1,1
37,1,0,0,1,0,0,1,0,0,2,2,2,3
38,1,0,0,1,0,0,0,0,0,3,1,1,1
39,1,0,0,0,0,0,0,0,0,3,3,1,3
40,1,0,0,0,0,0,1,0,0,2,2,1,1
41,1,0,0,0,0,0,0,0,0,3,2,2,3
42,1,0,0,1,0,0,0,0,0,3,2,1,2
43,1,0,0,1,1,0,0,0,0,3,3,1,2
44,1,0,1,0,0,0,1,1,0,2,1,2,2
45,1,0,0,0,0,1,0,1,0,3,3,1,1
46,1,0,0,1,0,1,1,0,0,2,3,1,1
47,1,0,1,0,0,0,0,0,0,3,3,1,2
48,1,0,0,1,0,1,0,0,0,3,3,3,1
49,1,0,0,1,0,0,1,0,0,2,2,3,3
50,1,0,0,0,0,0,1,0,0,3,3,1,1
51,1,0,1,0,0,0,0,1,0,3,3,1,1
52,1,0,0,1,0,1,0,0,0,2,2,2,2
53,1,0,1,1,0,0,1,0,0,2,2,3,3
54,1,0,0,0,0,0,0,0,0,2,2,2,2
55,1,0,0,1,0,0,1,0,0,3,3,1,3
56,1,0,1,0,0,0,0,0,0,1,2,3,2
57,1,0,0,0,0,1,0,0,0,1,2,2,2
58,1,0,0,1,0,1,1,0,0,2,2,2,2
59,1,0,0,1,0,0,0,0,0,3,3,3,3
60,1,0,1,0,0,0,1,1,0,3,3,1,1
61,1,0,0,1,0,1,1,0,0,3,1,1,3
62,1,0,0,1,0,0,0,0,0,3,3,1,2
63,1,0,0,1,0,1,1,0,0,2,2,1,1
64,1,0,0,1,0,1,0,0,0,2,1,2,3
65,1,0,0,0,0,0,0,0,0,2,2,2,1
66,1,0,0,1,1,0,1,0,0,2,1,2,2
67,1,0,0,0,0,0,1,1,0,3,3,1,2
68,1,0,1,1,0,0,1,1,0,3,3,1,1
69,1,0,0,1,0,0,1,0,0,3,3,1,2
70,1,0,0,0,0,0,1,0,0,2,2,1,1
71,1,0,0,1,0,0,1,0,0,2,2,3,2
72,1,0,0,1,0,0,0,0,0,1,1,2,3
73,1,0,0,0,0,1,0,0,0,3,1,1,1
74,1,0,1,1,0,0,1,1,0,3,3,1,1
75,1,0,0,0,1,0,1,0,0,1,1,1,2
76,1,0,0,0,0,0,0,0,0,2,2,3,3
77,1,0,1,1,0,0,0,1,0,3,3,3,1
78,1,0,0,1,0,0,0,1,0,3,2,1,2
79,1,0,0,1,0,1,0,0,0,3,3,1,2
80,1,0,0,0,0,0,1,0,0,3,2,3,2
81,1,0,1,1,0,0,1,0,0,3,3,1,2
82,1,0,1,0,0,0,1,0,0,3,2,2,2
83,1,0,0,1,0,0,0,1,0,2,2,2,2
84,1,0,0,1,0,0,0,0,0,2,2,2,2
85,1,0,1,0,1,0,1,0,0,2,2,1,2
86,1,0,0,1,1,0,0,0,0,2,1,1,1
87,1,0,0,0,0,1,1,1,0,2,2,3,3
88,1,0,0,1,0,0,1,0,0,3,3,1,1
89,1,0,0,1,0,1,1,0,0,3,3,1,1
90,1,0,0,1,0,0,0,1,0,2,3,2,1
91,1,0,0,0,0,0,0,0,0,3,3,1,3
92,1,0,0,1,0,0,0,0,0,3,2,1,1
93,1,0,0,0,0,0,0,0,0,3,2,1,3
94,1,0,0,0,0,1,1,0,0,1,1,1,2
95,1,0,0,1,0,0,0,0,0,2,2,1,1
96,1,0,0,0,0,1,1,0,0,3,2,2,2
97,1,0,0,0,0,0,1,1,0,3,1,2,3
98,1,0,1,0,0,1,1,1,0,3,3,1,3
99,1,0,0,0,0,0,0,0,0,3,3,1,2
100,1,0,0,0,0,0,0,0,0,2,2,2,2
101,1,0,0,0,0,0,1,0,0,3,2,1,1
102,1,0,0,1,0,0,1,1,0,3,2,1,2
103,1,0,0,1,0,1,1,1,0,3,3,1,2
104,1,0,1,0,1,0,1,1,0,3,3,2,3
105,1,0,0,0,0,0,0,0,0,3,3,1,1
106,1,0,1,1,0,0,1,0,0,3,3,1,2
107,1,0,0,1,0,0,1,0,0,3,3,2,3
108,1,0,0,1,0,0,0,0,0,3,3,1,3
109,1,0,0,1,0,0,0,0,0,3,3,1,2
110,1,0,0,1,0,0,1,1,0,3,3,1,1
111,1,0,0,1,0,0,0,0,0,1,1,2,2
112,1,0,0,0,0,0,0,1,0,3,3,1,1
113,1,0,0,0,0,1,0,1,0,3,2,3,3
114,1,0,0,1,0,0,0,0,0,2,1,1,2
115,1,0,0,0,0,0,0,0,0,3,2,2,2
116,1,0,0,0,0,0,1,0,0,3,3,3,1
117,1,0,0,0,0,0,1,0,0,3,3,1,2
118,1,0,1,1,0,0,1,1,0,3,3,1,1
119,1,0,0,1,0,0,0,1,0,2,1,2,2
120,1,0,0,0,0,1,1,0,0,2,3,1,2
121,1,0,0,0,0,1,0,1,0,2,2,2,2
122,1,0,1,1,0,0,0,0,0,2,2,1,3
123,1,0,1,0,0,0,0,0,0,2,2,1,3
124,1,0,0,0,0,1,1,1,0,3,3,1,1
125,1,0,1,0,0,0,1,1,0,3,3,1,1
126,1,0,0,1,0,1,0,0,0,2,3,2,1
127,1,0,0,0,0,0,1,0,0,2,3,3,2
128,1,0,1,1,0,0,0,1,0,3,3,1,3
129,1,0,0,0,0,0,0,1,0,2,3,2,3
130,1,0,1,0,0,0,1,0,0,2,2,2,2
131,1,0,0,1,0,0,0,0,0,2,2,2,1
132,1,0,0,0,0,1,0,1,0,3,1,1,1
133,1,0,0,0,0,0,0,0,0,1,2,2,3
134,1,0,0,1,0,0,1,0,0,3,2,1,1
135,1,0,0,1,0,1,1,0,0,3,3,1,3
136,1,0,0,0,0,1,1,1,0,2,3,1,2
137,1,0,0,0,0,1,1,1,0,3,3,1,1
138,1,0,1,0,0,0,1,1,0,3,2,2,2
139,1,0,0,0,0,0,0,1,0,2,1,2,2
140,1,0,0,1,0,1,0,0,0,3,3,1,1
141,1,0,1,1,0,0,1,1,0,2,3,1,1
142,1,0,0,0,0,0,0,0,0,3,1,1,1
143,1,0,0,1,0,0,0,1,0,2,3,1,3
144,1,0,0,0,0,1,0,0,0,3,2,1,2
145,1,0,0,1,0,0,1,1,0,3,2,1,2
146,1,0,0,0,0,0,1,0,0,3,2,1,1
147,1,0,0,0,0,1,1,0,0,3,2,1,1
148,1,0,0,0,0,0,1,0,0,2,2,1,1
149,1,0,0,1,1,0,0,0,0,2,2,1,1
150,1,0,0,1,0,1,0,0,0,3,3,2,1
151,1,0,1,0,0,0,1,0,0,2,3,2,3
152,1,0,0,1,0,0,0,0,0,3,3,1,2
153,1,0,0,0,0,0,1,0,0,3,2,1,1
154,1,0,0,1,0,0,1,1,0,3,2,1,1
155,1,0,0,1,0,1,0,0,0,3,3,1,1
156,1,0,0,1,0,1,1,0,0,3,2,1,1
157,1,0,0,1,0,0,0,0,0,2,2,1,1
158,1,0,0,0,0,0,1,0,0,2,3,1,3
159,1,0,1,1,0,0,0,1,0,3,3,1,2
160,1,0,0,0,0,0,0,0,0,2,3,2,3
161,1,0,0,1,0,1,1,1,0,3,3,1,1
162,1,0,0,0,0,0,1,1,0,3,3,1,1
163,1,0,0,1,0,1,1,0,0,3,2,1,2
164,1,0,0,1,0,1,0,0,0,3,3,2,2
165,1,0,0,0,0,0,1,0,0,1,1,1,1
166,1,0,0,0,0,1,1,0,0,3,3,1,1
167,1,0,0,0,0,0,1,0,0,3,3,2,1
168,1,0,1,1,0,0,1,0,0,2,2,3,2
169,1,0,0,1,0,1,1,1,0,3,3,1,2
170,1,0,0,0,0,1,0,0,0,3,1,1,2
171,1,0,0,1,0,0,1,1,0,3,3,3,2
172,1,0,1,1,0,0,1,0,0,3,3,1,1
173,1,0,0,1,0,0,1,1,0,3,3,1,2
174,1,0,0,1,1,0,0,1,0,3,2,1,2
175,1,0,0,0,0,0,0,1,0,3,3,1,1
176,1,0,0,0,0,1,1,1,0,3,1,1,1
177,1,0,0,0,0,1,1,0,0,3,1,1,1
178,1,0,0,0,0,1,1,1,0,3,3,1,1
179,1,0,0,1,0,1,0,0,0,3,3,1,1
180,1,0,0,1,0,0,1,0,0,3,3,1,1
181,1,0,0,0,0,0,0,1,0,3,3,1,1
182,1,0,0,1,0,0,0,0,0,3,2,2,1
183,1,0,0,0,0,0,0,1,0,3,3,3,3
184,1,0,0,0,0,1,0,0,0,3,3,1,1
185,1,0,0,1,0,1,0,1,0,3,3,2,2
186,1,0,0,0,0,0,1,1,0,3,3,1,2
187,1,0,0,1,0,0,0,0,0,2,2,3,2
188,1,0,0,1,0,1,0,0,0,3,3,1,1
189,1,0,1,1,0,0,1,1,0,3,3,1,3
190,1,0,0,0,1,0,1,0,0,3,2,1,2
191,1,0,0,1,0,0,1,1,0,3,3,1,2
192,1,0,0,1,0,0,0,0,0,3,3,2,1
193,1,0,0,1,0,0,0,1,0,3,3,1,1
194,1,0,0,1,0,0,0,1,0,3,3,2,3
195,1,0,0,0,0,0,1,0,0,2,2,1,1
196,1,0,0,1,0,0,1,0,0,3,3,1,2
197,1,0,1,0,0,0,0,1,0,1,1,2,3
198,1,0,0,0,0,0,0,0,0,3,3,1,3
199,1,0,0,0,0,1,1,1,0,3,1,1,1
200,1,0,0,1,0,0,1,0,0,3,3,1,2
201,1,0,0,0,0,0,1,0,0,2,2,1,1
202,1,0,0,1,0,1,0,0,0,3,3,1,2
203,1,0,0,0,0,0,0,1,0,2,3,1,2
204,1,0,0,1,0,0,1,0,0,3,3,1,1
205,1,0,0,0,0,0,0,0,0,3,2,1,2
206,1,0,0,1,0,0,0,0,0,3,3,1,1
207,1,0,0,1,0,0,0,1,0,3,2,1,3
208,1,0,1,1,0,0,0,0,0,2,2,1,3
209,1,0,0,1,0,1,0,0,0,3,3,1,3
210,1,0,0,0,0,0,1,1,0,3,3,2,2
211,1,0,1,1,0,0,1,1,0,3,3,1,1
212,1,0,0,1,0,0,1,1,0,3,3,2,1
213,1,0,1,1,0,0,1,1,0,2,2,1,2
214,1,0,1,1,0,0,0,0,0,2,2,1,2
215,1,0,0,0,0,0,1,1,0,2,2,2,2
216,1,0,0,1,0,0,0,0,0,3,3,1,1
217,1,0,0,0,0,1,1,1,0,3,2,3,3
218,1,0,0,0,0,0,1,0,0,2,2,1,2
219,1,0,0,0,0,0,0,0,0,3,2,1,2
220,1,0,0,0,0,0,1,0,0,1,3,3,1
221,1,0,0,1,0,1,1,0,0,3,3,1,3
222,1,0,0,1,0,1,1,0,0,3,2,1,2
223,1,0,0,1,0,0,0,0,0,2,3,1,2
224,1,0,1,0,0,0,0,0,0,3,2,2,2
225,1,0,0,1,0,0,0,0,0,1,3,1,1
226,1,0,0,1,0,0,0,0,0,3,2,2,2
227,1,0,0,1,0,1,0,0,0,3,3,1,2
228,1,0,0,1,0,0,0,0,0,3,3,1,3
229,1,0,1,1,0,0,0,1,0,3,3,1,1
230,1,0,0,0,0,0,1,0,0,2,1,1,3
231,1,0,0,0,0,0,0,0,0,1,3,1,1
232,1,0,0,1,0,0,1,0,0,3,3,1,1
233,1,0,0,1,0,0,0,0,0,3,3,1,1
234,1,0,0,1,0,1,1,0,0,3,3,2,3
235,1,0,0,0,0,0,0,0,0,3,2,1,2
236,1,0,0,1,0,0,0,0,0,1,2,2,2
237,1,0,0,0,0,0,1,1,0,3,3,1,1
238,1,0,0,1,0,1,1,0,0,2,3,2,3
239,1,0,0,1,0,0,0,0,0,2,3,1,3
240,1,0,0,1,0,0,1,0,0,3,2,2,2
241,1,0,0,0,0,1,0,1,0,2,3,2,2
242,1,0,0,1,0,1,0,0,0,2,2,2,3
243,1,0,0,0,0,1,0,1,0,2,3,3,3
244,1,0,0,1,0,0,0,0,0,3,2,1,2
245,1,0,1,0,0,0,1,1,0,3,2,1,1
246,1,0,1,1,0,0,1,0,0,3,3,3,1
247,1,0,0,1,1,0,0,1,0,3,2,1,3
248,1,0,0,1,0,0,0,1,0,2,3,2,3
249,1,0,0,0,1,0,0,0,0,2,2,2,2
250,1,0,0,1,0,1,1,0,0,2,2,1,1
251,1,0,0,0,0,0,1,0,0,2,3,3,2
252,1,0,0,1,0,0,0,0,0,3,3,1,1
253,1,0,1,0,0,0,1,0,0,3,2,1,2
254,1,0,0,0,0,0,0,0,0,3,2,1,3
255,1,0,0,1,0,0,0,0,0,3,3,1,1
256,1,0,1,1,1,0,0,0,0,2,2,1,3
257,1,0,1,1,0,0,0,0,0,3,3,1,1
258,1,0,0,1,0,1,0,0,0,3,2,2,1
259,1,0,0,1,0,1,0,0,0,2,2,2,3
260,1,0,0,0,0,1,0,1,0,2,3,2,2
261,1,0,0,0,0,0,0,0,0,2,2,2,2
262,1,0,0,0,0,0,0,1,0,3,1,1,2
263,1,0,0,1,0,0,1,1,0,2,2,2,2
264,1,0,0,0,0,0,1,1,0,3,2,2,2
265,1,0,0,0,0,0,0,1,0,3,2,1,2
266,1,0,0,0,0,0,0,0,0,1,1,1,2
267,1,0,0,0,0,0,0,0,0,3,2,2,2
268,1,0,0,1,0,1,1,0,0,3,3,1,2
269,1,0,0,1,0,0,0,1,0,3,2,1,2
270,1,0,0,1,0,0,1,0,0,3,3,1,1
271,1,0,0,1,1,0,0,0,0,3,2,1,2
272,1,0,0,1,0,0,0,0,0,3,2,2,2
273,1,0,0,0,0,0,1,0,0,3,3,2,2
274,1,0,0,0,0,1,0,0,0,3,2,1,2
275,1,0,0,0,0,1,0,0,0,3,3,1,1
276,1,0,1,0,0,0,0,0,0,3,3,2,1
277,1,0,0,1,0,0,1,0,0,3,3,1,1
278,1,0,0,0,0,1,0,1,0,3,3,3,2
279,1,0,0,1,0,0,0,0,0,1,2,2,2
280,1,0,0,0,0,1,1,0,0,1,1,2,3
281,1,0,0,1,0,0,1,0,0,3,3,1,3
282,1,0,0,1,0,0,1,0,0,3,3,2,2
283,1,0,0,1,0,0,0,0,0,3,3,1,3
284,1,0,0,1,0,1,1,0,0,3,2,2,2
285,1,0,1,1,0,0,1,1,0,3,2,2,2
286,1,0,0,0,0,0,0,1,0,3,3,1,1
287,1,0,0,1,0,0,1,1,0,3,3,2,3
288,1,0,0,1,0,0,1,0,0,1,3,2,3
289,1,0,0,1,0,1,1,1,0,2,2,2,2
290,1,0,0,1,0,1,0,0,0,2,3,1,2
291,1,0,0,0,0,1,1,0,0,3,3,1,2
292,1,0,0,1,0,1,0,0,0,3,3,1,2
293,1,0,0,1,0,0,0,0,0,3,3,1,1
294,1,0,1,1,0,0,1,1,0,3,2,1,1
295,1,0,0,1,0,0,0,0,0,2,3,3,3
296,1,0,1,1,0,0,1,0,0,3,3,1,2
297,1,0,0,1,0,0,0,0,0,3,3,1,3
298,1,0,1,1,0,1,0,0,0,3,3,2,2
299,1,0,1,0,0,0,0,0,0,2,3,2,2
300,1,0,1,0,0,1,1,1,0,2,2,1,3
301,1,0,0,1,0,1,0,0,0,1,3,1,1
302,1,0,0,0,0,0,1,0,0,2,2,3,2
303,1,0,0,0,0,0,1,0,0,2,1,3,2
304,1,0,0,1,0,0,1,1,0,2,3,2,2
305,1,0,1,0,0,0,0,0,0,2,2,1,3
306,1,0,0,1,0,0,1,0,0,3,2,2,2
307,1,0,0,1,0,0,0,0,0,2,1,1,3
308,1,0,0,0,0,1,0,0,0,3,3,3,3
309,1,0,0,0,0,0,0,0,0,3,3,1,1
310,1,0,0,1,0,0,0,1,0,3,3,1,1
311,1,0,0,1,0,1,1,1,0,3,3,1,1
312,1,0,0,0,0,0,0,1,0,3,3,1,1
313,1,0,0,1,0,0,0,0,0,3,2,1,1
314,1,0,0,1,0,0,1,1,0,3,3,1,1
315,1,0,0,0,0,0,1,1,0,3,3,1,1
316,1,0,0,1,0,0,0,1,0,3,3,1,2
317,1,0,0,0,0,0,1,1,0,3,2,3,3
318,1,0,0,0,0,0,0,0,0,3,3,1,2
319,1,0,0,1,0,0,1,0,0,3,3,2,2
320,1,0,0,0,0,0,0,0,0,2,3,1,1
321,1,0,0,1,0,0,1,0,0,3,3,1,2
322,1,0,0,0,0,0,1,1,0,2,2,1,3
323,1,0,1,0,0,0,1,0,0,2,2,1,1
324,1,0,1,1,0,0,1,0,0,3,2,1,2
325,1,0,1,1,0,0,1,0,0,3,3,1,1
326,1,0,0,1,0,1,0,1,0,3,2,1,3
327,1,0,0,0,0,0,0,0,0,3,2,2,3
328,1,0,0,0,0,0,0,0,0,2,3,2,2
329,1,0,0,1,0,1,1,0,0,3,3,1,2
330,1,0,1,0,0,0,0,0,0,2,2,2,2
331,1,0,0,0,0,1,1,0,0,2,2,2,3
332,1,0,0,1,0,0,1,0,0,3,3,1,1
333,1,0,0,0,0,1,0,0,0,2,2,1,2
334,1,0,1,1,1,0,1,0,0,3,2,1,2
335,1,0,0,0,0,0,1,0,0,3,3,1,3
336,1,0,0,1,0,1,0,0,0,3,3,1,3
337,1,0,0,0,0,0,0,1,0,3,2,1,1
338,1,0,0,1,0,1,1,1,0,2,2,1,1
339,1,0,0,1,0,1,1,0,0,3,3,1,1
340,1,0,0,1,0,0,0,0,0,3,1,1,1
341,1,0,0,0,0,0,0,0,0,2,2,1,2
342,1,0,0,0,0,0,1,1,0,1,3,1,1
343,1,0,0,0,0,0,0,0,0,3,3,1,3
344,1,0,0,1,0,0,1,0,0,3,1,1,1
345,1,0,0,0,0,0,1,1,0,3,3,3,3
346,1,0,0,1,0,1,0,0,0,3,3,1,2
347,1,0,0,0,0,1,1,0,0,3,3,2,2
348,1,0,0,1,0,1,0,0,0,3,3,1,2
349,1,0,0,0,0,0,0,0,0,2,2,3,1
350,1,0,0,0,0,0,0,1,0,2,2,2,1
351,1,0,1,0,0,0,0,0,0,3,2,1,2
352,1,0,1,1,0,0,1,1,0,3,3,1,2
353,1,0,1,0,0,0,0,0,0,2,3,1,2
354,1,0,0,1,0,0,1,0,0,3,3,1,3
355,1,0,0,1,0,0,1,0,0,3,3,1,1
356,1,0,0,1,0,1,0,0,0,3,3,1,2
357,1,0,0,1,0,0,0,0,0,3,2,1,2
358,1,0,0,1,0,0,1,0,0,3,3,2,3
359,1,0,0,0,0,0,1,0,0,3,3,1,1
360,1,0,1,1,0,1,0,0,0,3,3,1,1
361,1,0,1,1,0,0,0,1,0,3,3,2,1
362,1,0,0,0,0,1,0,1,0,3,3,1,2
363,1,0,0,1,0,1,1,0,0,2,2,2,3
364,1,0,0,1,0,1,0,0,0,3,3,1,2
365,1,0,0,0,0,1,1,0,0,3,3,1,1
366,1,0,0,0,0,0,0,0,0,3,3,3,2
367,1,0,0,1,0,0,0,0,0,3,3,1,1
368,1,0,1,0,0,0,1,0,0,3,2,1,1
369,1,0,0,1,0,0,0,1,0,3,2,1,2
370,1,0,0,0,0,0,1,1,0,3,2,1,2
371,1,0,0,1,0,0,1,1,0,3,3,1,2
372,1,0,0,1,0,0,0,1,0,3,3,1,1
373,1,0,0,1,0,0,1,1,0,3,3,1,2
374,1,0,0,1,0,0,1,0,0,1,2,1,2
375,1,0,0,1,0,0,0,1,0,3,3,1,2
376,1,0,0,1,0,0,0,1,0,3,2,1,1
377,1,0,0,0,0,0,1,1,0,3,3,1,1
378,1,0,1,0,0,0,0,0,0,2,2,3,2
379,1,0,0,0,0,0,1,0,0,3,1,2,1
380,1,0,1,0,0,0,1,0,0,3,2,1,3
381,1,0,0,1,0,0,0,0,0,3,3,1,2
382,1,0,0,1,0,0,1,0,0,3,3,1,3
383,1,0,0,0,0,0,0,1,0,1,1,1,1
384,1,0,0,0,0,0,0,0,0,3,2,1,2
385,1,0,0,1,0,0,1,0,0,3,3,1,2
386,1,0,0,1,0,0,0,0,0,3,3,1,1
387,1,0,0,0,0,0,1,1,0,3,3,2,2
388,1,0,1,1,0,0,1,0,0,3,3,1,2
389,1,0,1,0,0,1,1,0,0,3,3,1,1
390,1,0,0,0,0,1,0,1,0,3,3,1,1
391,1,0,0,1,0,0,1,0,0,3,3,2,3
392,1,0,0,1,0,0,0,0,0,2,2,3,2
393,1,0,1,1,0,0,0,1,0,2,2,2,2
394,1,0,0,0,0,1,1,1,0,3,3,1,2
395,1,0,1,0,0,0,1,0,0,3,3,1,1
396,1,0,0,0,0,1,0,1,0,3,3,1,1
397,1,0,0,0,0,0,1,1,0,3,3,1,2
398,1,0,0,1,0,1,0,1,0,3,1,1,2
399,1,0,0,1,0,1,0,0,0,3,1,1,2
400,1,0,0,1,0,0,0,1,0,3,3,1,3
401,1,0,0,0,0,0,1,1,0,3,2,1,2
402,1,0,1,1,0,0,1,0,0,3,2,2,3
403,1,0,0,0,0,0,0,0,0,3,2,2,2
404,1,0,1,1,0,0,1,0,0,3,2,1,1
405,1,0,0,0,0,0,1,0,0,3,2,1,2
406,1,0,0,1,0,0,1,0,0,2,2,3,2
407,1,0,0,0,0,0,0,0,0,3,3,2,2
408,1,0,0,1,0,0,0,0,0,3,3,1,2
409,1,0,0,0,0,0,1,1,0,3,3,1,1
410,1,0,0,0,0,1,1,0,0,3,3,1,1
411,1,0,0,0,0,1,0,0,0,2,2,1,3
412,1,0,0,1,0,1,0,1,0,2,2,1,3
413,1,0,1,0,0,0,1,0,0,1,2,3,2
414,1,0,1,1,0,0,0,1,0,3,3,1,1
415,1,0,0,1,0,0,1,0,0,3,2,1,1
416,1,0,0,1,0,0,0,0,0,2,2,1,1
417,1,0,1,0,0,0,1,0,0,3,2,1,1
418,1,0,1,1,0,0,1,1,0,2,3,3,3
419,1,0,1,1,0,0,1,0,0,2,3,3,3
420,1,0,0,0,0,0,1,1,0,2,3,2,2
421,1,0,0,1,0,0,1,0,0,3,3,1,1
422,1,0,0,0,0,0,1,1,0,3,3,1,1
423,1,0,0,0,0,1,1,0,0,3,3,1,1
424,1,0,0,1,0,0,0,1,0,3,2,2,2
425,1,0,0,0,1,0,0,0,0,2,2,1,2
426,1,0,0,0,0,0,1,0,0,3,3,1,1
427,1,0,0,1,0,1,1,1,0,3,3,1,1
428,1,0,1,0,0,0,0,0,0,3,3,1,1
429,1,0,0,1,0,0,1,0,0,3,2,2,2
430,1,0,0,1,0,1,0,1,0,3,3,1,2
431,1,0,0,1,0,1,0,0,0,3,3,1,1
432,1,0,1,1,1,0,1,0,0,3,2,1,1
433,1,0,0,1,0,0,1,0,0,3,3,1,2
434,1,0,0,0,0,1,0,0,0,3,3,1,2
435,1,0,1,0,0,0,1,0,0,3,3,1,1
436,1,0,0,0,0,0,1,1,0,2,2,2,2
437,1,0,0,1,0,1,0,1,0,3,3,1,2
438,1,0,0,1,1,0,1,0,0,3,3,1,2
439,1,0,1,0,0,0,1,0,0,3,3,1,1
440,1,0,0,1,0,0,0,0,0,2,2,2,2
441,1,0,1,1,0,0,1,0,0,3,3,1,2
442,1,0,0,1,0,1,0,1,0,3,3,1,1
443,1,0,0,0,0,1,1,0,0,3,2,2,2
444,1,0,0,0,0,1,1,0,0,3,2,1,2
445,1,0,0,0,0,1,0,1,0,3,3,1,1
446,1,0,0,0,0,0,1,1,0,3,3,1,1
447,1,0,1,1,1,0,1,0,0,2,1,2,3
448,1,0,0,1,0,0,0,1,0,3,3,1,2
449,1,0,0,0,0,0,1,0,0,3,3,1,1
450,1,0,0,0,0,0,0,0,0,3,3,1,1
451,1,0,0,1,0,1,0,1,0,3,3,1,1
452,1,0,0,1,0,0,1,0,0,3,3,2,2
453,1,0,1,1,0,0,1,1,0,1,1,1,1
454,1,0,0,1,0,0,0,0,0,1,3,1,1
455,1,0,0,0,0,0,0,1,0,3,2,1,2
456,1,0,0,1,0,1,0,0,0,3,3,1,2
457,1,0,0,1,0,1,1,0,0,3,3,1,2
458,1,0,0,0,0,0,1,0,1,3,3,1,1
459,1,0,0,1,0,1,0,0,1,2,1,3,2
460,1,0,1,1,0,0,1,1,1,2,2,1,1
461,1,0,1,0,0,0,0,0,1,2,3,1,1
462,1,0,0,0,0,0,0,0,1,2,2,2,1
463,1,0,0,0,1,0,1,0,1,3,1,1,2
464,1,0,0,1,0,0,0,0,1,3,3,1,1
465,1,0,1,0,0,0,1,0,1,3,2,1,1
466,1,0,0,1,0,0,0,1,1,3,3,1,1
467,1,0,0,1,0,0,0,0,1,3,3,2,2
468,1,0,0,0,0,0,0,1,1,3,3,2,1
469,1,0,0,1,0,0,0,0,1,2,3,1,3
470,1,0,0,1,0,0,1,1,1,1,3,1,1
471,1,0,0,1,0,0,1,1,1,3,1,1,1
472,1,0,1,0,0,0,0,1,1,2,2,3,2
473,1,0,0,1,0,0,1,0,1,3,3,1,1
474,1,0,1,0,0,0,1,0,1,3,2,1,1
475,1,0,0,0,0,0,0,1,1,2,1,2,1
476,1,0,0,1,1,0,1,0,1,3,3,1,1
477,1,0,0,1,0,0,0,0,1,2,3,3,2
478,1,0,0,1,0,0,0,0,1,2,3,2,2
479,1,0,0,0,1,0,0,0,1,3,3,1,1
480,1,0,0,0,0,0,0,1,1,3,3,1,1
481,1,0,1,0,0,0,0,0,1,2,2,1,2
482,1,0,0,1,0,0,1,0,1,3,2,2,1
483,1,0,0,1,0,0,1,0,1,2,3,1,1
484,1,0,0,1,0,0,1,0,1,3,2,3,3
485,1,0,1,0,0,0,0,1,1,1,1,2,2
486,1,0,0,0,0,0,0,0,1,3,3,1,3
487,1,0,0,0,0,1,0,1,1,1,2,2,2
488,1,0,0,1,0,0,0,0,1,3,2,1,1
489,1,0,0,0,0,1,0,0,1,3,3,3,3
490,1,0,0,1,0,0,0,1,1,2,1,2,2
491,1,0,0,0,0,0,0,0,1,2,2,1,1
492,1,0,0,1,1,0,0,0,1,2,2,1,3
493,1,0,0,1,0,0,1,0,1,1,1,3,3
494,1,0,0,1,0,0,1,1,1,2,2,3,3
495,1,0,0,1,0,0,1,0,1,3,3,1,1
496,1,0,0,1,0,0,1,0,1,3,2,1,1
497,1,0,0,0,0,0,1,0,1,2,3,2,3
498,1,0,1,0,0,0,1,1,1,2,2,1,2
499,1,0,1,0,0,0,1,0,1,2,2,1,2
500,1,0,0,0,0,0,0,0,1,3,2,2,2
501,1,0,0,0,0,0,0,0,1,3,3,1,2
502,1,0,0,0,0,0,0,0,1,2,3,3,2
503,1,0,0,0,0,0,1,0,1,3,2,1,1
504,1,0,0,0,0,0,0,0,1,2,2,2,2
505,1,0,0,1,0,0,0,0,1,3,2,3,3
506,1,0,1,0,0,0,0,0,1,2,2,2,2
507,1,0,1,1,0,0,0,0,1,2,1,1,1
508,1,0,0,1,1,0,0,0,1,3,2,1,2
509,1,0,0,1,1,0,0,0,1,2,1,1,2
510,1,0,0,0,0,0,1,0,1,3,2,1,2
511,1,0,0,0,1,0,1,0,1,2,2,2,2
512,1,0,0,1,0,0,1,0,1,3,3,2,2
513,1,0,1,0,0,0,0,0,1,3,2,1,2
514,1,0,0,0,0,0,0,1,1,1,2,2,2
515,1,0,0,1,0,0,1,0,1,3,2,2,3
516,1,0,1,0,0,0,0,0,1,2,2,2,3
517,1,0,0,0,1,0,1,0,1,2,1,1,1
518,1,0,0,1,0,0,0,1,1,3,3,1,1
519,1,0,0,0,0,0,1,0,1,3,2,1,1
520,1,0,0,0,0,0,1,0,1,3,2,1,1
521,1,0,1,1,0,0,0,0,1,3,2,1,3
522,1,0,1,1,0,0,0,0,1,2,1,1,1
523,1,0,0,0,0,0,1,0,1,3,1,2,3
524,1,0,0,1,0,0,1,0,1,3,2,2,2
525,1,0,1,1,0,0,0,1,1,2,1,3,3
526,1,0,1,1,0,0,0,1,1,2,1,3,3
527,1,0,1,1,0,0,1,0,1,1,1,1,2
528,1,0,0,1,0,0,1,0,1,3,2,1,2
529,1,0,0,1,0,0,1,0,1,3,2,1,3
530,1,0,1,0,0,0,0,1,1,3,1,3,3
531,1,0,0,1,0,0,1,1,1,3,3,1,1
532,1,0,0,1,0,0,1,0,1,3,3,1,3
533,1,0,0,1,1,0,1,0,1,3,3,1,1
534,1,0,0,0,0,0,1,0,1,1,3,1,1
535,1,0,0,0,0,0,1,0,1,3,3,1,1
536,1,0,1,1,0,0,0,1,1,3,3,1,2
537,1,0,0,1,0,1,1,1,1,2,3,3,2
538,1,0,0,1,0,0,1,0,1,3,2,1,2
539,1,0,0,0,0,0,0,1,1,3,2,1,3
540,1,0,0,1,0,0,0,0,1,1,1,2,2
541,1,0,0,1,0,0,0,0,1,3,3,2,2
542,1,0,0,1,0,0,0,0,1,3,3,1,3
543,1,0,0,1,0,0,0,0,1,3,3,1,3
544,1,0,1,1,0,0,0,0,1,3,3,2,3
545,1,0,1,1,1,0,0,0,1,3,2,1,3
546,1,0,0,0,0,0,0,0,1,2,2,1,1
547,1,0,0,0,0,0,1,0,1,3,2,1,3
548,1,0,0,1,0,1,1,0,1,3,3,1,2
549,1,0,0,0,0,0,1,0,1,3,3,1,2
550,1,0,0,0,0,0,0,0,1,2,1,1,1
551,1,0,0,1,0,0,0,0,1,1,1,1,1
552,1,0,0,1,0,1,0,1,1,3,3,1,1
553,1,0,1,1,0,0,0,0,1,2,2,3,2
554,1,0,0,0,0,0,1,0,1,3,2,3,3
555,1,0,0,1,0,0,0,0,1,3,3,1,2
556,1,0,1,1,0,0,0,0,1,3,2,1,1
557,1,0,1,0,0,0,0,0,1,3,2,2,3
558,1,0,0,0,0,0,1,0,1,2,2,1,1
559,1,0,0,0,0,0,0,0,1,2,2,2,2
560,1,0,0,0,1,0,1,0,1,2,2,2,2
561,1,0,1,1,0,0,0,1,1,3,2,2,1
562,1,0,0,1,0,0,1,0,1,1,3,1,1
563,1,0,0,1,0,0,1,0,1,2,1,1,1
564,1,0,1,0,0,0,0,0,1,3,2,1,1
565,1,0,0,1,0,0,0,1,1,3,3,1,1
566,1,0,0,1,0,0,0,0,1,3,3,1,2
567,1,0,0,1,0,0,1,0,1,3,2,1,1
568,1,0,0,0,0,0,1,0,1,3,2,2,2
569,1,0,0,1,0,0,0,0,1,2,1,2,3
570,1,0,0,1,0,0,0,0,1,2,1,2,3
571,1,0,0,0,0,0,0,1,1,2,1,2,2
572,1,0,0,0,0,0,1,0,1,3,3,1,2
573,1,0,0,0,0,0,0,0,1,3,2,1,2
574,1,0,0,0,0,0,0,1,1,3,3,1,1
575,1,0,0,0,0,0,1,0,1,3,2,2,3
576,1,0,0,1,0,0,1,1,1,3,1,1,1
577,1,0,1,1,1,0,0,1,1,2,3,1,3
578,1,0,0,0,0,1,0,0,1,3,2,1,1
579,1,0,0,0,0,1,0,0,1,2,3,1,1
580,1,0,0,1,0,0,1,0,1,2,1,2,2
581,1,0,0,1,0,0,1,0,1,3,2,2,3
582,1,0,0,1,1,0,0,0,1,3,2,3,2
583,1,0,0,1,0,0,0,0,1,1,1,3,3
584,1,0,1,0,1,0,1,0,1,3,2,2,2
585,1,0,0,0,0,0,0,1,1,1,1,1,2
586,1,0,0,1,0,0,1,0,1,3,1,1,3
587,1,0,1,0,1,0,1,0,1,2,1,2,2
588,1,0,0,0,1,0,1,1,1,2,2,2,2
589,1,0,0,0,1,0,1,0,1,3,3,2,3
590,1,0,1,0,0,0,0,0,1,2,1,2,3
591,1,0,0,1,0,0,0,1,1,2,2,3,2
592,1,0,0,1,0,1,0,0,1,2,2,1,1
593,1,0,0,0,0,0,0,0,1,3,2,2,2
594,1,0,0,0,0,0,1,0,1,3,3,1,1
595,1,0,0,0,1,0,1,0,1,2,1,2,2
596,1,0,0,0,1,0,1,0,1,2,1,2,2
597,1,0,0,0,1,0,1,0,1,3,3,2,2
598,1,0,0,0,0,1,0,0,1,1,1,1,1
599,1,0,0,0,1,0,0,0,1,3,2,1,2
600,1,0,1,0,0,0,1,0,1,1,2,2,3
601,1,0,1,1,0,0,1,0,1,2,1,1,2
602,1,0,0,1,1,0,0,1,1,2,2,1,1
603,1,0,0,0,0,0,1,0,1,1,1,2,3
604,1,0,0,1,0,1,0,1,1,3,2,1,2
605,1,0,0,0,0,0,0,1,1,3,2,3,3
606,1,0,0,0,0,1,0,0,1,3,3,1,1
607,1,0,0,0,0,0,1,0,1,2,3,3,2
608,1,0,0,0,0,0,1,0,1,2,2,3,2
609,1,0,0,1,0,0,0,0,1,3,3,1,2
610,1,0,0,1,0,0,0,0,1,3,3,1,2
611,1,0,0,0,1,0,0,1,1,1,1,3,1
612,1,0,0,0,1,0,0,0,1,1,1,1,1
613,1,0,0,1,0,0,1,0,1,3,2,1,3
614,1,0,0,1,0,0,1,0,1,3,2,1,3
615,1,0,0,1,0,0,0,1,1,2,1,2,3
616,1,0,0,1,1,0,0,1,1,1,1,1,3
617,1,0,1,0,0,0,0,0,1,3,1,2,1
618,1,0,0,1,0,0,1,1,1,1,2,1,1
619,1,0,0,0,1,0,1,0,1,3,3,1,2
620,1,0,1,0,1,0,1,0,1,2,1,2,3
621,1,0,0,0,0,0,0,1,1,2,2,2,3
622,1,0,0,0,1,0,1,0,1,3,1,1,2
623,1,0,0,0,0,0,1,0,1,2,2,1,2
624,1,0,0,1,0,0,1,1,1,3,3,1,1
625,1,0,0,1,0,0,1,0,1,3,3,1,1
626,1,0,0,0,1,0,0,1,1,2,1,1,3
627,1,0,0,0,1,0,0,0,1,2,2,1,2
628,1,0,0,0,0,0,0,0,1,2,3,2,2
629,1,0,0,1,0,1,0,0,1,3,2,2,3
630,1,0,1,0,1,0,0,0,1,3,3,1,1
631,1,0,0,1,0,0,1,0,1,3,1,1,2
632,1,0,0,1,0,0,0,0,1,3,3,1,1
633,1,0,0,1,0,0,0,0,1,3,3,1,1
634,1,0,1,1,0,0,1,0,1,1,1,1,2
635,1,0,0,1,0,0,1,1,1,1,1,1,1
636,1,0,0,0,0,0,0,0,1,2,2,1,1
637,1,0,0,1,0,0,1,0,1,2,3,1,1
638,1,0,0,1,0,0,1,0,1,3,2,1,1
639,1,0,0,1,0,0,1,0,1,2,2,1,1
640,1,0,0,1,0,0,1,1,1,2,3,1,2
641,1,0,0,1,0,0,1,1,1,1,3,2,2
642,1,0,0,1,0,0,0,0,1,3,1,1,2
643,1,0,0,1,0,0,1,0,1,3,2,1,2
644,1,0,1,1,0,0,0,1,1,3,2,2,2
645,1,0,0,1,1,0,0,0,1,2,2,2,3
646,1,0,0,0,0,0,1,0,1,3,2,2,1
647,1,0,0,0,0,0,1,0,1,1,1,2,2
648,1,0,0,0,0,1,0,0,1,3,3,2,2
649,1,0,0,1,0,0,0,0,1,3,3,1,3
650,1,0,0,1,0,0,0,1,1,3,2,1,2
651,1,0,0,1,1,0,1,0,1,3,1,3,3
652,1,0,0,1,0,0,1,1,1,3,3,1,1
653,1,0,0,1,0,0,0,0,1,3,3,1,2
654,1,0,0,1,0,0,1,0,1,3,2,1,1
655,1,0,0,1,1,0,1,0,1,2,1,1,2
656,1,0,1,1,0,0,0,0,1,3,3,2,3
657,1,0,0,0,0,0,0,0,1,3,2,1,2
658,1,0,0,1,0,0,1,1,1,2,2,1,1
659,1,0,0,1,0,0,0,1,1,3,2,1,2
660,1,0,0,1,0,0,1,0,1,3,3,1,1
661,1,0,0,1,0,0,1,0,1,3,3,1,3
662,1,0,0,1,0,1,1,0,1,3,3,1,2
663,1,0,0,0,0,0,0,0,1,3,3,1,1
664,1,0,0,0,0,0,1,0,1,2,2,1,3
665,1,0,0,1,0,0,1,0,1,3,3,2,2
666,1,0,1,1,0,0,0,0,1,3,3,1,1
667,1,0,0,1,0,0,1,0,1,3,1,1,3
668,1,0,0,0,0,0,0,0,1,1,1,3,3
669,1,0,0,0,0,0,1,1,1,3,3,2,2
670,1,0,0,1,0,0,1,0,1,3,3,1,1
671,1,0,0,1,0,1,0,1,1,3,3,3,2
672,1,0,0,1,0,0,0,0,1,2,3,2,2
673,1,0,0,0,0,0,0,0,1,3,3,1,2
674,1,0,1,1,0,0,1,0,1,3,2,2,1
675,1,0,0,0,0,0,0,1,1,3,1,1,1
676,1,0,0,0,0,0,0,0,1,3,3,1,1
677,1,0,1,1,0,0,0,0,1,3,3,1,2
678,1,0,0,0,0,0,0,0,1,2,1,1,1
679,1,0,0,0,0,0,0,0,1,2,1,1,3
680,1,0,0,1,0,0,0,0,1,3,1,1,3
681,1,0,0,1,1,0,1,0,1,3,3,1,2
682,1,0,0,0,0,0,0,0,1,3,3,2,2
683,1,0,0,0,0,0,0,0,1,3,3,1,1
684,1,0,0,1,0,1,1,0,1,3,3,1,3
685,1,0,0,1,0,1,1,0,1,3,1,1,2
686,1,0,1,0,0,0,0,1,1,2,3,2,2
687,1,0,0,0,0,0,0,0,1,3,3,1,2
688,1,0,0,0,0,0,1,0,1,3,3,1,3
689,1,0,0,0,0,0,1,0,1,1,1,1,2
690,1,0,0,0,0,0,1,0,1,1,2,3,2
691,1,0,0,1,0,0,0,0,1,2,3,3,2
692,1,0,1,1,0,0,1,1,1,2,1,3,2
693,1,0,0,1,0,0,1,0,1,3,3,1,3
694,1,0,0,1,0,1,0,0,1,3,1,1,2
695,1,0,0,1,0,1,0,0,1,3,2,1,1
696,1,0,0,0,0,0,0,0,1,3,2,1,2
697,1,0,1,1,0,0,1,0,1,3,2,1,1
698,1,0,0,1,0,0,0,0,1,3,1,1,1
699,1,0,0,1,0,0,0,0,1,3,1,1,1
700,1,0,0,0,0,0,0,0,1,3,2,1,1
701,1,0,0,0,0,0,0,0,1,3,1,1,3
702,1,0,0,0,0,1,0,0,1,3,1,1,1
703,1,0,0,1,0,0,0,0,1,1,1,2,3
704,1,0,0,0,0,0,1,0,1,3,2,2,2
705,1,0,0,1,0,0,0,0,1,3,3,1,3
706,1,0,0,0,1,0,0,0,1,2,1,1,3
707,1,0,0,1,0,0,1,0,1,2,1,3,3
708,1,0,0,0,0,0,1,1,1,2,1,3,3
709,1,0,0,0,0,0,0,0,1,3,1,1,1
710,1,0,1,1,0,0,0,0,1,3,3,2,1
711,1,0,0,0,1,0,0,0,1,1,1,2,2
712,1,0,0,1,0,0,0,0,1,3,3,1,3
713,1,0,0,0,0,0,0,0,1,3,2,2,2
714,1,0,0,0,0,1,1,0,1,2,2,3,3
715,1,0,0,1,0,1,0,0,1,3,3,1,2
716,1,0,0,1,0,0,0,0,1,3,1,1,2
717,1,0,0,1,0,0,0,0,1,3,2,1,1
718,1,0,0,0,0,0,0,0,1,2,2,2,3
719,1,0,1,0,1,0,0,0,1,1,1,1,3
720,1,0,0,0,0,0,1,0,1,3,2,1,2
721,1,0,1,1,0,0,0,1,1,2,1,2,3
722,1,0,0,0,0,0,0,0,1,2,2,1,1
723,1,0,0,0,0,0,1,0,1,2,2,2,3
724,1,0,0,0,0,0,1,0,1,2,2,1,3
725,1,0,0,0,1,0,1,0,1,2,1,2,3
726,1,0,0,0,1,0,1,0,1,1,2,2,3
727,1,0,0,1,0,0,1,0,1,2,2,3,3
728,1,0,1,0,1,0,0,0,1,3,2,2,2
729,1,0,0,0,0,0,0,0,1,1,1,1,3
730,1,0,0,1,0,0,0,0,1,2,2,3,2
731,1,0,0,1,0,0,1,0,1,1,1,1,1
732,1,0,0,1,0,0,1,0,1,1,2,2,3
733,1,0,0,0,0,0,1,0,1,1,1,2,3
734,1,0,0,0,0,0,0,1,1,2,2,3,2
735,1,0,0,1,0,0,1,1,1,3,3,1,1
736,1,0,0,1,0,0,1,0,1,3,3,1,1
737,1,0,0,0,0,1,0,0,1,3,3,1,1
738,1,0,0,0,0,0,0,0,1,3,3,3,3
739,1,0,0,0,0,0,1,0,1,3,1,1,1
740,1,0,0,0,0,0,1,0,1,1,1,3,1
741,1,0,0,0,1,0,1,0,1,3,3,1,1
742,1,0,0,1,0,0,0,0,1,3,3,1,3
743,1,0,0,1,0,1,0,0,1,3,2,1,2
744,1,0,0,0,0,0,0,0,1,3,2,1,1
745,1,0,0,0,0,0,0,0,1,2,2,2,1
746,1,0,0,0,0,0,0,0,1,3,2,2,1
747,1,0,0,1,0,0,0,0,1,2,1,1,2
748,1,0,0,0,0,1,0,1,1,2,2,2,2
749,1,0,0,1,0,0,0,0,1,1,3,2,1
750,1,0,0,0,0,0,0,0,1,3,3,1,2
751,1,0,0,0,0,0,0,0,1,3,3,2,3
752,1,0,1,1,0,0,0,1,1,2,2,2,2
753,1,0,0,1,0,0,0,0,1,3,3,1,1
754,1,0,1,1,0,1,0,0,1,1,2,3,3
755,1,0,1,1,0,1,0,0,1,1,2,2,3
756,1,0,0,0,1,0,0,0,1,3,2,1,2
757,1,0,0,0,0,0,0,0,1,1,2,2,3
758,1,0,0,1,0,0,0,0,1,1,1,2,3
759,1,0,0,1,0,0,0,0,1,1,2,3,3
760,1,0,0,1,0,0,0,0,1,1,3,3,3
761,1,0,0,1,0,0,0,0,1,3,3,1,2
762,1,0,0,0,0,0,1,0,1,3,3,1,2
763,1,0,0,1,0,0,0,0,1,3,3,1,1
764,1,0,0,1,0,0,0,0,1,2,3,2,2
765,1,0,0,1,0,1,1,1,1,3,3,1,1
766,1,0,0,0,1,0,1,0,1,3,3,1,2
767,1,0,0,0,0,0,0,0,1,1,3,3,1
768,1,0,0,0,0,0,0,0,1,2,3,1,1
769,1,0,0,0,0,0,0,0,1,3,3,2,2
770,1,0,0,0,0,0,0,0,1,3,3,1,1
771,1,0,0,0,0,0,0,0,1,3,2,2,3
772,1,0,0,0,0,0,0,0,1,2,2,2,3
773,1,0,0,1,0,0,0,1,1,3,2,1,1
774,1,0,0,0,1,0,1,1,1,2,1,3,3
775,1,0,0,0,0,0,0,1,1,3,3,3,3
776,1,0,0,0,0,0,0,1,1,3,3,3,3
777,1,0,0,0,0,0,0,1,1,1,2,3,2
778,1,0,0,0,0,0,0,0,1,3,3,1,2
779,1,0,1,0,0,0,1,0,1,2,2,2,3
780,1,0,0,1,0,0,0,0,1,1,3,2,3
781,1,0,0,0,1,0,0,1,1,2,2,3,2
782,1,0,0,1,0,1,0,0,1,3,3,2,3
783,1,0,0,1,0,1,0,0,1,3,3,1,3
784,1,0,0,0,0,0,0,0,1,2,1,3,2
785,1,0,0,0,0,0,0,0,1,1,2,3,2
786,1,0,0,1,0,0,0,0,1,3,2,2,2
787,1,0,1,1,0,0,1,0,1,3,2,1,1
788,1,0,0,1,0,0,1,0,1,3,2,1,2
789,1,0,0,1,1,0,1,0,1,3,1,1,2
790,1,0,0,1,1,0,1,0,1,3,1,1,2
791,1,0,1,0,0,0,0,0,1,2,2,1,2
792,1,0,0,0,1,0,0,0,1,1,1,1,1
793,1,0,0,0,0,0,0,0,1,3,3,1,1
794,1,0,0,1,0,0,0,0,1,2,2,3,3
795,1,0,0,0,0,1,0,1,1,3,2,1,2
796,1,0,0,0,1,0,0,0,1,2,2,2,2
797,1,0,0,0,1,0,0,0,1,2,2,1,1
798,1,0,0,1,0,0,1,0,1,3,2,2,3
799,1,0,0,1,0,0,1,0,1,3,1,1,2
800,1,0,0,1,0,0,1,0,1,2,1,2,3
801,1,0,0,0,1,0,0,0,1,3,3,1,1
802,1,0,1,1,0,0,0,0,1,2,2,1,1
803,1,0,0,0,0,0,0,0,1,2,1,1,3
804,1,0,0,1,0,0,1,1,1,1,3,2,2
805,1,0,1,1,0,0,1,0,1,2,2,2,3
806,1,0,0,1,0,0,0,1,1,3,3,1,1
807,1,0,0,1,0,0,0,1,1,3,3,1,1
808,1,0,0,0,0,1,0,1,1,1,3,1,3
809,1,0,0,0,0,1,0,0,1,1,2,1,3
810,1,0,0,1,0,0,1,0,1,3,3,1,2
811,1,0,0,1,0,0,1,0,1,3,2,1,2
812,1,0,0,1,0,0,0,0,1,3,2,2,3
813,1,0,0,1,0,0,0,0,1,2,1,1,1
814,1,0,0,0,0,0,1,0,1,3,3,1,1
815,1,0,0,1,0,0,0,0,1,2,3,2,3
816,1,0,0,1,0,0,1,0,1,2,1,2,2
817,1,0,0,0,0,0,1,0,1,3,3,1,1
818,1,0,0,1,0,0,0,0,1,2,3,2,2
819,1,0,1,0,0,0,1,0,1,3,2,1,1
820,1,0,0,1,0,0,1,1,1,2,3,1,2
821,1,0,0,1,0,1,0,0,1,3,3,1,3
822,1,0,0,1,0,1,0,0,1,3,2,2,3
823,1,0,0,0,0,1,0,0,1,2,2,3,2
824,1,0,0,1,0,0,0,0,1,1,2,3,3
825,1,0,1,1,0,0,0,0,1,3,3,1,1
826,1,0,1,0,1,0,0,0,1,3,1,1,3
827,1,0,0,0,0,1,0,1,1,3,3,1,1
828,1,0,0,0,0,0,0,1,1,2,2,2,3
829,1,0,0,0,0,0,1,1,1,3,2,2,3
830,1,0,0,1,0,0,1,1,1,2,2,2,3
831,1,0,0,1,0,0,1,0,1,3,3,1,1
832,1,0,0,1,0,0,0,0,1,3,2,1,3
833,1,0,0,0,0,0,0,0,1,2,2,1,3
834,1,0,0,0,0,0,1,0,1,2,2,1,2
835,1,0,0,0,0,0,0,0,1,1,3,1,2
836,1,0,0,1,0,0,0,0,1,3,3,1,3
837,1,0,0,0,0,0,0,0,1,1,2,1,3
838,1,0,0,0,0,0,0,0,1,2,2,2,2
839,1,0,0,1,0,0,0,0,1,2,2,2,2
840,1,0,0,1,0,1,0,0,1,3,3,1,1
841,1,0,0,0,1,0,1,1,1,1,1,3,3
842,1,0,0,0,1,0,1,0,1,2,2,2,3
843,1,0,0,1,0,1,1,1,1,3,3,2,2
844,1,0,0,1,1,0,0,0,1,2,1,1,1
845,1,0,0,1,0,0,1,1,1,3,3,1,2
846,1,0,0,1,0,0,1,0,1,2,3,2,3
847,1,0,1,1,1,0,0,1,1,3,3,2,2
848,1,0,1,1,1,0,0,0,1,3,2,3,3
849,1,0,0,1,0,0,1,0,1,2,1,2,2
850,1,0,1,0,0,0,1,0,1,2,1,1,2
851,1,0,0,0,0,0,0,1,1,3,1,1,1
852,1,0,0,1,0,0,0,0,1,3,3,1,1
853,1,0,1,1,0,1,0,0,1,1,1,2,1
854,1,0,0,0,1,0,0,0,1,3,3,1,1
855,1,0,0,1,0,0,0,1,1,2,1,1,2
856,1,0,0,0,0,0,1,0,1,3,2,2,2
857,1,0,0,1,0,0,0,1,1,3,3,2,1
858,1,0,1,1,0,0,0,0,1,3,2,2,3
859,1,0,1,1,0,0,1,0,1,2,2,1,1
860,1,0,0,1,0,0,0,1,1,3,1,1,1
861,1,0,0,0,0,0,0,1,1,3,2,1,2
862,1,0,0,0,0,0,1,0,1,3,2,2,2
863,1,0,0,1,0,1,0,0,1,1,2,2,3
864,1,0,0,1,0,0,0,1,1,3,3,1,1
865,1,0,1,0,1,0,1,0,1,3,2,1,2
866,1,0,0,1,0,0,1,0,1,2,1,1,3
867,1,0,0,1,0,0,1,0,1,1,2,2,3
868,1,0,0,0,0,0,0,0,1,1,2,3,3
869,1,0,0,0,0,0,0,0,1,2,3,1,3
870,1,0,0,1,0,0,1,0,1,3,1,1,1
871,1,0,1,1,0,0,0,0,1,3,2,1,2
872,1,0,0,0,0,0,1,0,1,2,2,2,2
873,1,0,1,1,0,0,1,1,1,3,2,2,2
874,1,0,0,1,0,1,0,0,1,2,1,1,3
875,1,0,0,0,1,0,1,0,1,3,2,1,3
876,1,0,0,0,1,0,1,0,1,3,2,1,3
877,1,0,0,1,0,0,1,0,1,1,1,1,1
878,1,0,0,1,0,0,0,0,1,1,2,1,3
879,1,0,1,1,1,0,0,0,1,2,1,1,2
880,1,0,0,1,0,0,0,0,1,3,3,1,3
881,1,0,0,1,0,0,0,0,1,3,2,1,1
882,1,0,0,0,0,0,1,0,1,3,1,1,1
883,1,0,0,0,0,0,1,0,1,3,3,2,1
884,1,0,0,0,0,0,1,0,1,3,3,1,1
885,1,0,1,0,0,0,0,0,1,1,2,2,3
886,1,0,0,0,1,0,1,0,1,1,3,2,3
887,1,0,0,1,0,0,0,1,1,3,2,1,1
888,1,0,0,1,1,0,0,0,1,2,2,1,1
889,1,0,0,1,0,0,0,0,1,3,2,1,2
890,1,0,0,0,0,0,0,0,1,3,3,1,1
891,1,0,0,1,0,0,0,0,1,1,3,1,1
892,1,0,0,1,0,1,1,0,1,2,2,2,3
893,1,0,0,1,0,0,0,0,1,3,2,1,3
894,1,0,0,0,0,1,0,0,1,3,3,1,1
895,1,0,0,1,0,0,0,0,1,3,3,1,2
896,1,0,1,0,0,0,0,1,1,2,1,1,2
897,1,0,0,1,0,0,0,0,1,3,3,1,1
898,1,0,0,1,0,0,0,0,1,3,2,1,2
899,1,0,0,0,0,0,1,0,1,2,2,1,2
900,1,0,0,1,0,1,0,0,1,2,2,1,2
901,1,0,0,0,1,0,0,1,1,2,2,1,2
902,1,0,0,1,0,0,1,1,1,1,2,3,3
903,1,0,0,0,0,0,1,0,1,2,1,2,2
904,1,0,1,0,0,0,1,0,1,2,2,2,3
905,1,0,1,0,0,0,0,0,1,3,3,1,1
906,1,0,1,1,0,0,0,0,1,2,1,1,2
907,1,0,1,1,0,0,0,0,1,2,3,3,2
908,1,0,0,1,0,0,1,0,1,3,3,1,1
909,1,0,1,0,1,0,0,0,1,1,1,2,2
910,1,0,0,0,1,0,1,0,1,3,3,1,1
911,1,0,0,1,0,0,0,0,1,3,3,3,2
912,1,0,0,0,1,0,0,1,1,2,3,2,3
913,1,0,0,0,1,0,0,1,1,1,3,1,3
914,1,0,1,1,0,0,0,1,1,3,2,2,2
915,1,0,0,1,0,0,0,1,1,3,3,2,3
916,1,0,0,1,0,0,0,0,1,1,2,3,2
917,1,0,0,0,1,0,1,0,1,2,1,1,2
918,1,0,0,0,0,0,1,1,1,3,3,1,2
919,1,0,1,0,0,0,0,0,1,2,2,2,1
920,1,0,1,0,0,0,0,0,1,3,2,1,1
921,1,0,1,0,0,0,1,0,1,3,3,2,2
922,1,0,1,0,0,0,1,0,1,2,3,2,3
923,1,0,1,1,0,0,0,0,1,2,2,2,1
924,1,0,0,0,0,0,0,1,1,3,3,2,2
925,1,0,0,0,0,0,1,0,1,2,3,2,3
926,1,0,0,0,0,0,0,1,1,1,2,2,2
927,1,0,1,0,0,0,1,0,1,2,2,2,2
928,1,0,1,0,0,0,0,1,1,2,1,3,1
929,1,0,0,1,0,0,0,1,1,2,3,1,1
930,1,0,1,1,0,0,1,0,1,3,2,1,3
931,1,0,1,1,0,0,1,0,1,3,2,1,1
932,1,0,0,0,0,0,1,1,1,3,2,2,2
933,1,0,0,0,0,0,1,1,1,3,2,2,2
934,1,0,0,1,0,0,0,1,1,3,2,3,1
935,1,0,0,1,0,0,0,0,1,3,3,1,2
936,1,0,1,1,0,0,0,0,1,3,2,2,2
937,1,0,0,1,0,0,1,0,1,3,3,1,1
938,1,0,0,0,0,0,1,0,1,1,1,1,2
939,1,0,1,0,0,0,0,0,1,3,2,2,1
940,1,0,0,0,0,0,0,1,1,3,1,1,1
941,1,0,0,1,0,0,1,1,1,3,3,2,2
942,1,0,0,1,0,0,1,0,1,3,3,2,2
943,1,0,0,1,0,0,0,0,1,1,1,3,3
944,1,0,0,1,0,1,0,0,1,3,3,2,1
945,1,0,0,1,0,1,0,0,1,2,2,3,3
946,1,0,0,0,0,0,0,1,1,3,3,1,3
947,1,0,0,0,0,0,1,1,1,2,1,2,2
948,1,0,0,1,0,0,1,0,1,2,2,1,1
949,1,0,0,1,1,0,0,1,1,3,3,1,1
950,1,0,0,1,0,0,1,0,1,3,3,1,3
951,1,0,0,0,1,0,1,0,1,3,3,1,1
952,1,0,0,0,1,0,1,0,1,2,1,3,2
953,1,0,0,1,0,0,0,0,1,2,3,3,2
954,1,0,0,1,0,0,0,0,1,2,1,1,2
955,1,0,0,0,0,0,1,0,1,2,2,1,1
956,1,0,0,1,0,0,1,0,1,3,3,1,3
957,1,0,0,0,0,0,0,0,1,3,2,2,3
958,1,0,0,0,1,0,0,0,1,2,1,2,3
959,1,0,0,0,0,0,1,0,1,3,3,3,2
960,1,0,0,1,0,0,1,0,1,3,3,1,2
961,1,0,0,0,1,0,0,0,1,1,1,3,2
962,1,0,0,1,0,0,1,1,1,2,2,3,3
963,1,0,0,0,0,0,0,0,1,1,2,1,3
964,1,0,0,1,0,0,1,1,1,2,2,2,3
965,1,0,0,1,0,0,1,0,1,2,1,3,1
966,1,0,0,1,0,1,1,1,1,3,3,1,1
967,1,0,1,1,0,0,0,0,1,2,2,3,3
968,1,0,0,1,0,1,0,1,1,3,3,2,1
969,1,0,0,1,0,0,0,1,1,2,3,2,1
970,1,0,0,1,0,0,0,0,1,1,2,3,1
971,1,0,0,1,0,1,0,1,1,1,3,3,3
972,1,0,0,1,0,0,1,1,1,3,3,3,3
973,1,0,0,0,0,0,1,1,1,1,3,1,1
974,1,0,0,1,0,1,1,0,1,3,2,1,2
975,1,0,0,0,0,0,0,0,1,2,2,2,2
976,1,0,0,0,0,0,0,0,1,3,2,2,1
977,1,0,0,0,1,0,1,1,1,2,1,1,2
978,1,0,0,1,0,0,1,0,1,3,3,1,1
979,1,0,1,1,0,0,0,1,1,2,1,1,1
980,1,0,1,1,0,0,1,0,1,3,2,2,2
981,1,0,0,0,0,0,0,1,1,2,2,3,1
982,1,0,1,0,0,0,0,0,1,3,2,2,2
983,1,0,0,0,0,0,1,1,1,1,3,2,1
984,1,0,0,0,0,0,1,1,1,2,2,2,1
985,1,0,0,0,1,0,1,0,1,3,1,2,2
986,1,0,1,0,1,0,0,0,1,2,1,2,3
987,1,0,0,0,0,0,0,0,1,2,3,1,3
988,1,0,0,0,0,1,0,0,1,2,1,2,3
989,1,0,0,1,0,0,0,1,1,1,2,3,3
990,1,0,0,1,0,0,0,1,1,1,1,1,1
991,1,0,0,0,0,0,0,1,1,1,2,3,1
992,1,0,0,0,0,0,0,1,1,2,2,2,2
993,1,0,0,1,0,0,0,0,1,1,2,3,3
994,1,0,0,1,0,1,0,1,1,3,3,1,1
995,1,0,1,0,0,0,1,0,1,1,3,3,3
996,1,0,0,0,0,0,1,1,1,3,1,1,2
997,1,0,0,1,0,0,0,0,1,2,1,3,2
998,1,0,0,0,0,0,1,0,1,2,2,1,1
999,1,0,0,0,0,0,1,0,1,1,1,1,2
1000,1,0,0,0,0,0,1,0,1,3,3,1,1
1001,1,0,0,1,0,0,1,0,1,3,2,2,3
1002,1,0,0,1,0,0,1,0,1,3,2,2,1
1003,1,0,0,1,0,1,0,0,1,3,3,1,1
1004,1,0,0,1,0,0,0,1,1,2,3,2,2
1005,1,0,0,0,1,0,1,0,1,1,3,1,1
1006,1,0,0,1,1,0,1,1,1,2,2,3,3
1007,1,0,0,1,0,0,1,0,1,2,2,1,1
1008,1,0,0,1,0,0,1,0,1,3,3,1,3
1009,1,0,0,1,0,0,0,1,1,2,1,2,3
1010,1,0,0,1,0,0,0,0,1,2,2,3,3
1011,1,0,0,0,1,0,0,1,1,2,1,2,2
1012,1,0,1,1,0,0,1,0,1,2,2,2,3
1013,1,0,0,1,0,0,0,0,1,2,1,2,2
1014,1,0,0,1,0,0,0,0,1,1,1,2,1
1015,1,0,0,1,0,1,1,1,1,3,3,1,2
1016,1,0,0,1,0,1,1,0,1,3,3,1,2
1017,1,0,0,1,0,0,1,0,1,3,3,1,3
1018,1,0,1,0,0,0,1,0,1,3,2,1,2
1019,1,0,0,1,0,0,1,0,1,2,1,2,1
1020,1,0,0,1,0,0,0,0,1,3,1,1,2
1021,1,0,0,0,0,0,0,0,1,2,2,2,3
1022,1,0,1,0,0,0,1,0,1,2,1,1,1
1023,1,0,0,0,0,0,1,1,1,3,3,1,1
1024,1,0,0,1,1,0,1,0,1,3,3,1,1
1025,1,0,0,1,0,0,1,0,1,3,3,1,3
1026,1,0,0,1,0,0,0,0,1,3,1,1,2
1027,1,0,0,0,0,0,0,0,1,2,2,2,2
1028,1,0,1,0,0,0,1,1,1,3,2,2,1
1029,1,0,1,0,0,0,1,0,1,2,1,2,2
1030,1,0,0,1,0,0,0,0,1,3,3,2,1
1031,1,0,0,0,0,0,0,0,1,2,2,2,2
1032,1,0,0,1,0,0,0,0,1,2,1,2,3
1033,1,0,0,1,0,0,0,0,1,3,3,1,1
1034,1,0,0,0,0,1,1,0,1,3,2,1,1
1035,1,0,0,0,0,1,1,0,1,3,2,1,1
1036,1,0,0,0,0,0,0,0,1,1,1,1,1
1037,1,0,0,0,0,0,1,0,1,3,2,2,1
1038,1,0,0,0,0,0,0,1,1,3,2,2,1
1039,1,0,0,0,0,0,0,0,1,3,2,2,3
1040,1,0,0,0,0,0,0,0,1,3,2,2,3
1041,1,0,0,1,0,0,0,0,1,2,2,1,2
1042,1,0,0,0,0,0,1,0,1,3,2,1,3
1043,1,0,0,1,0,0,0,1,1,3,3,1,3
1044,1,0,0,0,0,0,1,0,1,3,3,1,1
1045,1,0,0,0,0,1,1,0,1,3,3,1,2
1046,1,0,0,0,0,1,1,0,1,3,2,1,3
1047,1,0,0,0,1,0,1,0,1,2,1,1,2
1048,1,0,0,0,0,0,0,0,1,3,2,2,2
1049,1,0,0,0,0,0,0,0,1,2,1,1,1
1050,1,0,0,0,0,0,1,0,1,3,3,1,1
1051,1,0,0,1,0,0,0,1,1,2,3,3,1
1052,1,0,0,1,0,0,0,0,1,2,3,2,3
1053,1,0,1,0,0,0,1,0,1,2,1,2,2
1054,1,0,0,0,0,0,1,0,1,3,3,1,2
1055,1,0,0,0,0,0,1,0,1,3,3,1,1
1056,1,0,0,1,0,0,1,1,1,2,3,2,1
1057,1,0,0,1,0,0,1,0,1,3,3,1,1
1058,1,0,0,1,0,0,1,0,1,2,2,2,2
1059,1,0,0,1,0,0,0,1,1,3,3,2,1
1060,1,0,0,1,0,0,1,0,1,3,2,1,1
1061,1,0,0,1,0,0,0,0,1,3,3,1,1
1062,1,0,0,1,0,0,0,0,1,3,3,1,3
1063,1,0,0,0,0,0,1,0,1,2,1,2,2
1064,1,0,1,0,0,0,1,0,1,3,2,1,1
1065,1,0,1,0,0,0,1,0,1,3,2,1,1
1066,1,0,0,1,0,0,0,0,1,3,1,1,2
1067,1,0,0,0,0,0,0,1,1,2,1,2,2
1068,1,0,0,0,1,0,1,0,1,3,2,2,1
1069,1,0,0,0,0,0,1,0,1,2,2,2,2
1070,1,0,0,1,0,1,0,0,1,3,3,1,3
1071,1,0,0,0,1,0,1,0,1,3,2,2,1
1072,1,0,0,1,0,1,0,1,1,2,2,1,1
1073,1,0,0,1,0,0,0,0,1,3,3,3,3
1074,1,0,0,1,0,1,0,0,1,3,3,1,1
1075,1,0,0,1,0,1,0,0,1,3,1,1,1
1076,1,0,1,0,0,0,0,0,1,2,1,3,3
1077,1,0,0,1,0,0,0,0,1,2,3,2,1
1078,1,0,0,0,0,0,0,0,1,2,2,1,1
1079,1,0,0,1,0,0,1,0,1,3,3,2,1
1080,1,0,0,0,0,0,0,0,1,3,2,3,3
1081,1,0,0,0,0,1,0,1,1,1,3,1,1
1082,1,0,0,0,0,1,0,0,1,3,3,1,1
1083,1,0,0,0,1,0,0,0,1,2,2,2,3
1084,1,0,0,0,0,0,0,0,1,2,2,2,1
1085,1,0,0,1,0,0,0,1,1,2,3,2,1
1086,1,0,0,1,0,0,0,0,1,2,3,3,3
1087,1,0,0,1,0,0,0,0,1,3,2,1,2
1088,1,0,0,0,0,0,1,0,1,3,3,2,3
1089,1,0,0,0,0,1,1,0,1,3,3,1,1
1090,1,0,0,1,0,0,0,0,1,3,2,1,2
1091,1,0,0,1,0,0,1,0,1,3,2,2,2
1092,1,0,0,1,0,1,1,1,1,2,2,2,2
1093,1,0,0,0,0,0,1,1,1,2,2,2,2
1094,1,0,0,1,0,0,0,0,1,2,2,3,3
1095,1,0,1,0,0,1,0,0,1,1,1,2,2
1096,1,0,0,0,0,0,1,0,1,3,3,2,2
1097,1,0,0,1,0,0,1,0,1,3,2,1,2
1098,1,0,0,1,0,0,1,0,1,1,2,3,3
1099,1,0,0,1,1,0,0,0,1,2,2,2,2
1100,1,0,0,0,0,0,0,1,1,3,3,1,1
1101,1,0,1,0,0,0,0,0,1,3,2,3,2
1102,1,0,0,1,0,0,0,0,1,1,3,3,1
1103,1,0,0,0,0,0,1,1,1,2,1,1,3
1104,1,0,0,1,0,0,0,1,1,3,2,1,2
1105,1,0,0,1,0,0,1,0,1,3,3,3,1
1106,1,0,0,1,0,0,0,0,1,2,1,2,1
1107,1,0,0,0,1,0,1,0,1,2,1,1,2
1108,1,0,0,0,0,0,1,0,1,3,3,1,3
1109,1,0,0,0,0,0,0,1,1,3,3,1,1
1110,1,0,0,0,0,0,0,0,1,3,3,1,1
1111,1,0,0,0,1,0,0,1,1,3,3,1,2
1112,1,0,1,0,0,0,1,0,1,2,2,1,1
1113,1,0,1,1,0,0,0,1,1,2,2,2,3
1114,1,0,1,1,0,0,0,0,1,3,2,2,3
1115,1,0,0,1,0,0,1,0,1,3,3,1,1
1116,1,0,0,0,0,0,0,0,1,3,3,1,1
1117,1,0,0,1,1,0,1,1,1,3,3,2,2
1118,1,0,0,0,1,0,0,0,1,1,1,1,1
1119,1,0,0,1,0,0,1,0,1,2,2,3,3
1120,1,0,0,0,1,0,0,1,1,3,2,2,2
1121,1,0,0,0,1,0,0,0,1,3,3,1,1
1122,1,0,0,1,0,1,1,0,1,2,2,1,2
1123,1,0,0,1,0,0,1,0,1,2,3,3,3
1124,1,0,0,0,0,0,0,1,1,3,1,1,2
1125,1,0,0,1,0,0,1,0,1,3,3,2,2
1126,1,0,0,0,1,0,1,1,1,2,2,1,2
1127,1,0,1,1,0,0,1,0,1,3,3,2,3
1128,1,0,0,1,0,0,0,0,1,2,2,2,3
1129,1,0,0,0,0,0,1,0,1,3,2,1,2
1130,1,0,0,1,0,0,0,0,1,2,3,2,3
1131,1,0,0,0,0,0,0,0,1,3,1,2,2
1132,1,0,0,0,0,0,0,0,1,3,1,2,3
1133,1,0,0,1,0,0,0,0,1,2,3,2,3
1134,1,0,0,1,0,0,0,1,1,3,3,1,2
1135,1,0,0,0,1,0,0,0,1,1,1,1,1
1136,1,0,0,0,0,0,0,0,1,2,2,2,3
1137,1,0,0,0,1,0,1,0,1,2,1,1,3
1138,1,0,0,1,0,0,1,0,1,2,2,1,2
1139,1,0,0,1,0,1,1,1,1,3,3,1,1
1140,1,0,1,0,0,0,1,0,1,3,3,1,1
1141,1,0,0,1,1,0,0,0,1,2,3,3,3
1142,1,0,0,1,0,0,0,0,1,3,2,1,2
1143,1,0,0,0,1,0,1,0,1,3,2,2,3
1144,1,0,0,0,1,0,0,0,1,3,1,1,2
1145,1,0,0,1,0,1,0,1,1,3,3,1,1
1146,1,0,0,1,0,0,1,0,1,3,2,1,1
1147,1,0,0,1,1,0,1,0,1,2,1,2,1
1148,1,0,0,0,0,0,0,1,1,1,3,1,2
1149,1,0,0,1,0,0,0,0,1,3,1,1,3
1150,1,0,1,0,0,1,1,0,1,2,3,1,1
1151,1,0,0,1,0,0,0,0,1,3,3,2,3
1152,1,0,0,0,0,0,0,1,1,3,2,1,1
1153,1,0,0,0,0,0,0,0,1,3,2,1,1
1154,1,0,0,0,0,1,0,1,1,3,1,1,2
1155,1,0,1,0,0,0,0,0,1,3,2,1,3
1156,1,0,1,1,0,0,1,0,1,3,2,1,2
1157,1,0,0,1,0,0,1,1,1,3,3,1,2
1158,1,0,0,0,1,0,0,1,1,2,1,2,2
1159,1,0,0,1,0,0,1,1,1,3,3,1,1
1160,1,0,0,1,0,0,1,1,1,3,3,1,1
1161,1,0,1,0,0,0,0,1,1,2,3,2,2
1162,1,0,1,0,0,0,0,0,1,1,3,2,3
1163,1,0,1,0,0,0,0,0,1,2,2,1,3
1164,1,0,0,0,0,0,1,0,1,3,1,2,3
1165,1,0,0,0,0,0,0,1,1,2,1,2,2
1166,1,0,0,0,0,0,0,0,1,2,1,3,3
1167,1,0,0,0,0,0,0,1,1,1,1,2,2
1168,1,0,0,1,0,0,1,0,1,3,3,1,1
1169,1,0,0,0,0,0,1,0,1,3,3,1,2
1170,1,0,0,0,1,0,1,0,1,3,2,1,3
1171,1,0,0,1,1,0,0,0,1,2,2,2,1
1172,1,0,0,1,0,0,0,1,1,3,2,1,1
1173,1,0,1,0,0,0,0,0,1,2,2,3,3
1174,1,0,0,0,0,0,0,1,1,2,3,2,3
1175,1,0,0,1,0,0,0,0,1,2,2,2,3
1176,1,0,1,1,0,0,0,1,1,3,3,2,3
1177,1,0,0,1,0,0,0,0,1,3,1,1,3
1178,1,0,1,1,0,0,0,0,1,2,3,2,3
1179,1,0,1,1,0,0,1,0,1,2,2,1,2
1180,1,0,0,1,0,0,1,0,1,3,1,1,3
1181,1,0,1,0,0,0,1,0,1,3,3,1,1
1182,1,0,1,0,0,0,1,0,1,3,3,1,2
1183,1,0,1,1,0,0,0,0,1,1,3,2,3
1184,1,0,1,1,0,0,0,0,1,2,3,2,3
1185,1,0,1,1,0,0,0,0,1,3,3,2,3
1186,1,0,1,0,0,0,1,0,1,2,1,3,3
1187,1,0,1,0,0,0,1,1,1,2,2,2,2
1188,1,0,1,0,0,0,1,0,1,3,2,2,2
1189,1,0,1,0,0,0,1,0,1,3,2,2,2
1190,1,0,0,1,0,0,0,1,1,3,3,1,3
1191,1,0,0,1,0,0,0,0,1,3,2,2,3
1192,1,0,1,1,0,0,0,0,1,3,2,1,3
1193,1,0,0,1,0,0,0,0,1,2,1,2,2
1194,1,0,0,0,0,0,0,1,1,3,2,1,2
1195,1,0,0,0,0,0,0,1,1,3,1,2,2
1196,1,0,0,0,1,0,0,1,1,2,3,2,2
1197,1,0,0,1,0,0,1,0,1,3,2,1,1
1198,1,0,1,1,0,0,0,0,1,2,2,1,2
1199,1,0,0,1,0,0,0,0,1,2,2,3,3
1200,1,0,1,0,0,0,1,1,1,3,3,1,1
1201,1,0,1,0,0,0,1,0,1,3,2,1,1
1202,1,0,1,0,0,0,1,0,1,3,2,1,1
1203,1,0,0,0,0,0,1,0,1,2,2,1,1
1204,1,0,0,0,0,0,1,0,1,3,3,1,1
1205,1,0,0,1,0,0,1,0,1,3,2,1,2
1206,1,0,0,0,0,0,0,1,1,2,1,1,3
1207,1,0,0,0,0,1,0,1,1,3,3,1,3
1208,1,0,0,0,0,1,1,0,1,1,1,3,3
1209,1,0,0,1,0,0,0,0,1,3,3,2,2
1210,1,0,1,0,0,0,1,1,1,3,3,1,3
1211,1,0,1,0,0,0,1,0,1,2,3,3,1
1212,1,0,0,1,0,0,1,1,1,2,3,1,2
1213,1,0,0,1,0,0,1,0,1,2,3,1,2
1214,1,0,0,0,1,0,0,1,1,3,3,2,2
1215,1,0,0,0,0,0,1,0,1,3,2,1,1
1216,1,0,1,0,1,0,0,0,1,2,2,1,1
1217,1,0,0,1,0,0,0,0,1,2,1,2,2
1218,1,0,0,1,0,0,1,0,1,3,2,1,1
1219,1,0,0,0,0,0,0,1,1,3,1,2,1
1220,1,0,0,0,0,0,0,0,1,2,2,2,2
1221,1,0,0,0,1,0,1,0,1,2,2,1,2
1222,1,0,0,1,0,0,1,0,1,2,3,2,3
1223,1,0,0,1,0,0,1,0,1,3,2,1,2
1224,1,0,0,1,0,0,1,0,1,2,1,3,2
1225,1,0,0,1,0,0,0,0,1,1,3,1,3
1226,1,0,1,1,0,0,0,0,1,3,1,1,2
1227,1,0,0,1,0,0,1,1,1,3,3,1,1
1228,1,0,1,1,0,0,1,0,1,3,1,1,3
1229,1,0,1,1,0,0,1,0,1,3,1,1,3
1230,1,0,0,1,0,0,0,1,1,2,1,1,3
1231,1,0,0,1,0,0,1,0,1,2,2,1,3
1232,1,0,0,1,0,0,1,0,1,3,3,1,1
1233,1,0,0,0,0,0,0,1,1,2,2,2,1
1234,1,0,1,1,0,0,0,0,1,3,2,2,2
1235,1,0,0,1,0,1,0,0,1,2,2,2,1
1236,1,0,0,1,0,1,0,0,1,1,2,2,2
1237,1,0,0,1,0,0,0,0,1,1,3,3,3
1238,1,0,0,1,0,0,0,0,1,1,1,1,1
1239,1,0,0,0,0,0,1,1,1,3,2,1,1
1240,1,0,0,0,0,0,0,1,1,3,1,3,3
1241,1,0,0,0,0,0,0,0,1,3,3,3,3
1242,1,0,0,0,0,0,0,0,1,3,3,3,3
1243,1,0,0,1,0,0,1,0,1,1,3,1,2
1244,1,0,0,1,0,0,1,0,1,2,3,3,1
1245,1,0,0,1,0,0,1,0,1,3,2,3,1
1246,1,0,0,1,0,0,1,0,1,1,1,3,3
1247,1,0,0,0,0,0,1,0,1,1,2,1,2
1248,1,0,1,0,0,0,1,0,1,2,2,2,2
1249,1,0,1,1,0,0,0,1,1,2,2,3,2
1250,1,0,0,0,0,0,1,0,1,1,1,2,3
1251,1,0,0,0,0,0,1,0,1,1,1,2,3
1252,1,0,1,0,1,0,0,0,1,2,1,2,1
1253,1,0,0,0,0,0,0,0,1,2,3,1,3
1254,1,0,0,0,1,0,1,0,1,1,1,2,2
1255,1,0,0,1,0,0,0,0,1,2,1,2,2
1256,1,0,0,1,1,0,0,1,1,3,1,3,2
1257,1,0,0,1,1,0,0,1,1,2,1,3,3
1258,1,0,0,0,0,0,0,1,1,3,3,1,2
1259,1,0,0,0,0,0,0,0,1,3,2,1,2
1260,1,0,0,0,1,0,0,0,1,3,3,1,1
1261,1,0,0,1,0,0,1,0,1,2,3,1,1
1262,1,0,0,0,0,0,1,0,1,2,1,1,2
1263,1,0,0,0,0,0,1,1,1,3,3,1,1
1264,1,0,0,0,0,0,1,0,1,2,2,2,1
1265,1,0,1,1,0,0,1,0,1,2,1,2,2
1266,1,0,0,0,0,0,0,0,1,3,2,2,2
1267,1,0,0,1,0,0,1,0,1,3,3,1,2
1268,1,0,0,1,0,1,0,0,1,3,3,1,2
1269,1,0,1,0,0,0,1,0,1,3,3,1,2
1270,1,0,0,1,0,0,0,0,1,3,3,1,2
1271,1,0,1,0,0,0,0,1,1,2,2,1,1
1272,1,0,0,1,0,0,0,0,1,2,3,2,2
1273,1,0,0,0,0,0,1,0,1,3,3,2,1
1274,1,0,1,0,0,0,1,0,1,2,2,2,2
1275,1,0,1,0,0,0,1,0,1,2,2,1,1
1276,1,0,0,1,1,0,1,0,1,3,2,1,1
1277,1,0,0,1,0,0,1,0,1,2,2,2,2
1278,1,0,1,0,1,0,0,0,1,3,1,1,3
1279,1,0,0,1,0,0,0,1,1,3,3,1,1
1280,1,0,0,0,0,0,1,0,1,2,1,1,1
1281,1,0,0,0,0,0,1,0,1,3,1,1,3
1282,1,0,0,1,0,0,0,0,1,3,2,1,1
1283,1,0,0,0,0,1,0,0,1,3,2,1,1
1284,1,0,1,0,0,0,0,1,1,1,1,3,2
1285,1,0,1,0,0,0,0,0,1,3,2,2,2
1286,1,0,0,1,1,0,1,0,1,1,2,2,3
1287,1,0,0,0,0,0,1,0,1,2,3,1,1
1288,1,0,0,1,0,0,0,0,1,3,3,1,3
1289,1,0,0,1,1,0,0,0,1,3,1,2,3
1290,1,0,0,1,0,0,0,0,1,3,3,1,2
1291,1,0,0,0,0,1,1,0,1,1,3,1,2
1292,1,0,0,1,0,0,1,0,1,3,3,1,1
1293,1,0,0,0,0,0,0,0,1,3,2,2,2
1294,1,0,0,0,0,0,0,0,1,3,3,1,1
1295,1,0,1,0,0,0,1,0,1,2,2,3,3
1296,1,0,1,0,0,0,1,0,1,3,3,2,3
1297,1,0,0,1,0,0,1,0,1,2,2,1,2
1298,1,0,0,1,0,0,1,0,1,2,2,1,2
1299,1,0,1,1,1,0,0,0,1,2,1,1,2
1300,1,0,0,0,0,0,1,1,1,2,2,3,3
1301,1,0,0,0,0,1,0,0,1,3,2,2,2
1302,1,0,0,0,0,1,0,0,1,3,2,2,2
1303,1,0,0,0,0,0,0,1,1,3,3,1,1
1304,1,0,0,0,0,0,0,0,1,3,3,1,1
1305,1,0,0,1,0,0,0,1,1,3,3,1,1
1306,1,0,0,1,0,1,1,0,1,3,3,1,1
1307,1,0,0,0,0,0,0,0,1,2,2,3,3
1308,1,0,0,0,1,0,0,1,1,3,3,1,2
1309,1,0,0,0,0,0,0,0,1,2,2,1,2
1310,1,0,0,1,0,0,1,0,1,3,1,1,1
1311,1,0,0,0,0,0,1,0,1,3,3,3,2
1312,1,0,0,0,0,0,0,0,1,1,1,1,2
1313,1,0,0,1,0,0,0,0,1,2,2,2,2
1314,1,0,1,1,1,0,1,0,1,2,1,3,3
1315,1,0,1,0,0,0,0,0,1,1,1,1,2
1316,1,0,0,0,0,1,1,0,1,3,2,1,1
1317,1,0,0,1,0,0,0,0,1,3,1,1,1
1318,1,0,0,0,0,1,1,0,1,2,2,2,3
1319,1,0,1,1,0,0,1,0,1,2,2,1,1
1320,1,0,1,0,0,0,0,0,1,3,2,2,2
1321,1,0,1,0,0,0,0,1,1,2,1,2,2
1322,1,0,0,1,1,0,1,0,1,2,3,1,2
1323,1,0,0,1,0,0,1,0,1,2,1,2,2
1324,1,0,0,1,0,0,1,1,1,3,1,3,3
1325,1,0,0,1,0,0,1,0,1,1,3,3,3
1326,1,0,1,0,0,0,0,0,1,3,2,2,2
1327,1,0,1,0,0,0,1,1,1,3,2,2,2
1328,1,0,0,0,0,1,0,0,1,3,3,3,2
1329,1,0,0,0,0,0,0,0,1,3,2,2,2
1330,1,0,0,0,0,0,0,0,1,2,2,2,1
1331,1,0,0,0,0,0,0,0,1,3,2,2,1
1332,1,0,1,1,0,0,0,0,1,2,2,2,3
1333,1,0,1,1,0,0,1,0,1,2,1,2,2
1334,1,0,0,1,0,0,0,0,1,3,2,3,2
1335,1,0,0,1,0,0,1,0,1,3,3,2,3
1336,1,0,0,1,0,0,1,0,1,2,2,1,1
1337,1,0,0,0,1,0,0,0,1,3,2,2,1
1338,1,0,0,0,0,0,0,0,1,2,1,2,3
1339,1,0,1,1,0,0,1,0,1,1,1,1,1
1340,1,0,1,0,0,0,0,0,1,3,3,1,1
1341,1,0,1,0,0,0,0,0,1,3,3,1,1
1342,1,0,0,0,0,1,0,1,1,2,2,2,3
1343,1,0,0,0,0,0,1,0,1,2,2,3,3
1344,1,0,0,0,0,0,0,1,1,1,1,2,2
1345,1,0,0,0,0,0,0,0,1,2,2,1,2
1346,1,0,0,0,0,0,0,1,1,3,3,2,1
1347,1,0,0,1,0,0,0,0,1,3,3,3,2
1348,1,0,0,1,0,0,0,0,1,3,2,2,2
1349,1,0,0,0,0,0,0,1,1,1,1,3,2
1350,1,0,0,0,0,0,0,0,1,3,2,1,2
1351,1,0,0,0,0,0,0,0,1,3,2,1,2
1352,1,0,0,1,0,0,0,0,1,1,1,2,3
1353,1,0,0,0,0,0,0,0,1,2,2,2,3
1354,1,0,0,1,0,0,0,1,1,3,3,1,2
1355,1,0,0,1,0,0,0,0,1,2,2,1,2
1356,1,0,1,0,0,0,1,0,1,2,2,3,2
1357,1,0,0,0,0,0,1,1,1,3,2,1,1
1358,1,0,1,0,0,0,1,0,1,3,3,1,1
1359,1,0,0,0,0,0,1,1,1,3,3,2,3
1360,1,0,1,1,1,0,1,0,1,3,2,2,2
1361,1,0,0,0,0,0,1,0,1,2,2,3,2
1362,1,0,0,0,0,0,0,1,1,2,1,3,2
1363,1,0,1,0,1,0,1,0,1,3,2,1,1
1364,1,0,0,0,0,0,0,0,1,3,2,1,1
1365,1,0,0,1,0,0,1,0,1,3,3,2,3
1366,1,0,0,1,0,0,1,1,1,2,2,3,1
1367,1,0,0,1,0,0,1,0,1,3,3,1,1
1368,1,0,1,0,1,0,1,0,1,3,1,2,2
1369,1,0,0,0,0,0,0,0,1,2,1,1,2
1370,1,0,0,0,0,0,0,0,1,1,1,1,2
1371,1,0,1,1,0,0,1,1,1,2,1,1,3
1372,1,0,1,1,0,0,1,0,1,1,1,2,2
1373,1,0,0,1,1,0,1,0,1,3,2,2,2
1374,1,0,0,0,0,0,0,1,1,3,3,1,2
1375,1,0,1,1,0,0,1,0,1,3,1,1,2
1376,1,0,1,0,0,0,0,0,1,3,3,1,1
1377,1,0,0,1,1,0,1,0,1,2,2,1,1
1378,1,0,0,0,1,0,0,0,1,3,1,1,1
1379,1,0,0,0,0,0,1,0,1,3,3,1,2
1380,1,0,0,0,0,0,1,0,1,3,3,1,2
1381,1,0,0,0,0,0,1,1,1,2,1,3,3
1382,1,0,0,0,0,0,1,0,1,2,2,2,2
1383,1,0,1,1,0,0,1,1,1,3,2,1,1
1384,1,0,1,0,0,0,0,0,1,2,3,1,2
1385,1,0,1,1,0,0,1,0,1,2,1,1,1
1386,1,0,0,1,0,0,0,1,1,3,2,2,3
1387,1,0,0,0,0,0,0,1,1,1,1,1,1
1388,1,0,1,0,0,0,0,0,1,2,1,3,3
1389,1,0,0,1,0,0,0,0,1,2,2,2,2
1390,1,0,0,1,0,0,1,0,1,3,3,2,2
1391,1,0,0,0,0,0,0,1,1,3,3,2,2
1392,1,0,0,0,0,0,1,0,1,3,3,1,3
1393,1,0,0,0,0,1,1,0,1,3,3,1,1
1394,1,0,0,0,0,0,1,0,1,2,1,1,3
1395,1,0,0,0,1,0,1,0,1,3,2,2,3
1396,1,0,0,0,0,0,1,0,1,2,1,2,3
1397,1,0,0,0,0,0,1,0,1,3,2,2,2
1398,1,0,0,1,1,0,0,0,1,2,1,1,1
1399,1,0,0,0,0,0,1,0,1,3,1,1,3
1400,1,0,0,0,0,0,0,0,1,3,2,2,2
1401,1,0,0,0,0,1,0,1,1,3,2,2,2
1402,1,0,0,1,0,0,1,0,1,3,3,1,2
1403,1,0,0,0,0,0,1,0,1,2,2,1,1
1404,1,0,1,0,0,0,0,0,1,3,2,2,3
1405,1,0,1,1,0,0,0,0,1,3,2,2,1
1406,1,0,0,1,0,0,1,0,1,3,3,3,2
1407,1,0,0,1,0,0,1,0,1,3,3,3,2
1408,1,0,0,0,0,0,1,0,1,2,1,1,2
1409,1,0,0,0,0,0,0,1,1,2,2,2,1
1410,1,0,0,0,0,0,0,0,1,2,1,2,1
1411,1,0,0,1,0,0,1,0,1,3,3,1,1
1412,1,0,0,0,0,0,0,1,1,2,1,2,2
1413,1,0,0,1,0,0,1,1,1,3,2,2,2
1414,1,0,0,1,0,0,0,0,1,2,2,1,2
1415,1,0,0,0,0,0,1,1,1,3,2,1,2
1416,1,0,0,0,0,0,0,0,1,2,2,2,3
1417,1,0,0,0,0,0,0,0,1,3,2,2,1
1418,1,0,0,0,0,0,1,0,1,3,2,1,3
1419,1,0,0,0,0,0,0,0,1,3,1,1,2
1420,1,0,0,1,0,0,0,0,1,2,1,3,3
1421,1,0,0,1,1,0,0,1,1,3,3,2,3
1422,1,0,1,0,0,0,0,0,1,2,3,1,2
1423,1,0,1,0,0,0,0,0,1,3,2,1,3
1424,1,0,0,1,0,1,0,1,1,3,1,2,2
1425,1,0,0,1,0,0,0,0,1,3,2,2,3
1426,1,0,0,0,0,0,0,0,1,2,3,3,2
1427,1,0,0,0,0,0,0,0,1,2,2,2,2
1428,1,0,0,0,1,0,1,0,1,2,1,3,3
1429,1,0,0,0,1,0,1,0,1,1,1,3,3
1430,1,0,0,1,0,0,1,1,1,3,3,1,1
1431,1,0,0,1,0,0,1,0,1,3,3,1,1
1432,1,0,0,1,1,0,0,0,1,3,2,1,2
1433,1,0,0,1,0,0,1,0,1,2,2,2,2
1434,1,0,0,1,0,0,1,0,1,2,2,3,3
1435,1,0,0,0,0,0,1,0,1,2,2,2,2
1436,1,0,0,0,0,0,0,0,1,3,3,1,3
1437,1,0,0,1,0,0,1,1,1,3,3,1,1
1438,1,0,0,0,1,0,1,0,1,3,2,1,1
1439,1,0,0,1,0,0,1,0,1,2,2,2,2
1440,1,0,0,0,1,0,1,0,1,3,2,1,1
1441,1,0,1,1,0,0,0,0,1,3,3,1,3
1442,1,0,0,1,0,1,1,1,1,3,2,2,2
1443,1,0,0,1,0,0,0,1,1,3,3,1,1
1444,1,0,0,1,0,0,1,0,1,2,2,2,2
1445,1,0,0,1,0,0,1,0,1,3,2,1,2
1446,1,0,0,1,0,0,1,0,1,2,2,2,2
1447,1,0,0,1,0,0,1,0,1,3,3,1,1
1448,1,0,0,0,0,0,1,0,1,3,2,2,2
1449,1,0,0,0,0,0,1,0,1,2,2,2,2
1450,1,0,0,1,0,0,1,1,1,2,3,1,2
1451,1,0,0,0,0,0,1,0,1,1,1,1,1
1452,1,0,0,1,0,1,1,0,1,3,2,1,1
1453,1,0,1,0,0,0,0,0,1,3,2,1,1
1454,1,0,0,0,0,0,0,0,1,2,2,1,2
1455,1,0,1,0,0,0,0,0,1,3,3,1,1
1456,1,0,0,1,0,1,0,0,1,3,3,1,1
1457,1,0,0,1,0,0,0,0,1,2,3,2,2
1458,1,0,0,1,0,0,0,0,1,3,3,1,2
1459,1,0,0,1,0,0,1,0,1,2,1,2,2
1460,1,0,0,1,0,0,0,0,1,2,1,1,2
1461,1,0,0,1,0,0,1,1,1,2,2,1,3
1462,1,0,0,0,0,0,1,0,1,3,3,2,2
1463,1,0,0,0,0,0,1,0,1,3,3,2,2
1464,1,0,1,0,0,0,0,0,1,3,2,2,2
1465,1,0,0,0,0,0,0,0,1,2,2,1,2
1466,1,0,0,0,0,0,0,0,1,3,3,1,3
1467,1,0,0,0,0,0,0,0,1,1,2,1,2
1468,1,0,0,0,0,0,0,0,1,2,2,1,2
1469,1,0,0,0,0,0,0,1,1,1,2,3,3
1470,1,0,0,1,0,0,1,0,1,3,1,1,1
1471,1,0,0,0,0,1,1,0,1,3,3,1,2
1472,1,0,0,1,1,0,0,0,1,1,1,2,2
1473,1,0,0,0,0,1,1,1,1,3,1,1,1
1474,1,0,0,0,0,0,1,0,1,3,3,2,2
1475,1,0,0,0,0,1,0,0,1,3,2,1,3
1476,1,0,0,1,0,0,1,0,1,3,2,2,2
1477,1,0,0,1,0,0,1,0,1,2,2,2,2
1478,1,0,0,0,0,0,0,0,1,2,2,1,1
1479,1,0,0,0,0,0,0,0,1,2,1,1,3
1480,1,0,0,1,0,0,0,0,1,3,3,1,3
1481,1,0,0,1,0,0,1,0,1,2,2,2,2
1482,1,0,0,0,0,0,0,0,1,3,2,1,1
1483,1,0,0,1,0,0,1,0,1,2,2,2,3
1484,1,0,0,0,0,0,1,1,1,3,3,1,1
1485,1,0,0,1,0,0,0,0,1,3,2,1,1
1486,1,0,0,1,0,1,1,1,1,3,3,1,1
1487,1,0,1,0,0,1,0,1,1,2,2,1,2
1488,1,0,0,1,0,1,1,1,1,3,3,1,2
1489,1,0,0,0,0,0,0,0,1,3,2,1,2
1490,1,0,0,0,0,0,0,0,1,1,3,3,3
1491,1,0,1,1,1,0,1,0,1,2,3,1,1
1492,1,0,1,0,0,0,0,0,1,3,2,1,3
1493,1,0,0,0,0,0,0,0,1,3,2,3,2
1494,1,0,1,1,0,0,1,0,1,3,3,1,2
1495,1,0,1,0,0,0,0,0,1,3,3,2,3
1496,1,0,0,1,0,1,0,1,1,2,3,1,2
1497,1,0,0,1,0,0,0,1,1,3,3,2,2
1498,1,0,0,1,0,0,0,0,1,3,2,2,2
1499,1,0,0,0,0,0,0,1,1,1,2,2,2
1500,1,0,0,0,0,0,0,0,1,1,2,2,2
1501,1,0,1,1,1,0,1,1,1,2,3,2,2
1502,1,0,0,1,0,1,1,1,1,3,3,1,1
1503,1,0,0,0,0,0,1,0,1,3,2,1,2
1504,1,0,0,0,1,0,1,0,1,3,3,1,2
1505,1,0,0,0,1,0,1,0,1,2,2,1,3
1506,1,0,1,0,0,0,1,0,1,1,1,2,3
1507,1,0,0,0,0,0,1,0,1,3,3,1,1
1508,1,0,0,0,0,0,1,0,1,2,2,1,1
1509,1,0,1,1,0,0,1,1,1,3,2,2,2
1510,1,0,0,1,0,0,1,0,1,3,2,1,2
1511,1,0,0,1,0,1,0,0,1,2,1,3,3
1512,1,0,0,1,0,0,0,1,1,3,3,2,2
1513,1,0,0,0,1,0,0,1,1,2,2,2,2
1514,1,0,0,0,1,0,0,0,1,2,2,3,3
1515,1,0,1,1,0,0,1,0,1,3,2,1,1
1516,1,0,0,1,0,0,0,1,1,2,2,2,2
1517,1,0,0,1,0,0,1,0,1,1,3,1,1
1518,1,0,0,1,0,0,1,0,1,1,1,1,2
1519,1,0,1,0,0,0,1,0,1,3,2,2,2
1520,1,0,0,0,0,0,1,0,1,2,2,2,1
1521,1,0,0,0,0,0,1,0,1,3,2,1,1
1522,1,0,0,0,1,0,0,0,1,1,1,2,1
1523,1,0,0,1,0,1,0,1,1,3,3,1,1
1524,1,0,0,1,0,0,1,0,1,3,3,1,1
1525,1,0,1,1,1,0,0,1,1,2,3,3,3
1526,1,0,1,1,1,0,0,0,1,3,1,3,3
1527,1,0,0,1,0,0,0,1,1,2,1,3,2
1528,1,0,0,1,0,0,1,0,1,3,3,2,3
1529,1,0,0,1,0,0,0,0,1,3,1,1,1
1530,1,0,0,0,0,1,0,0,1,3,2,1,2
1531,1,0,0,1,1,0,1,0,1,3,3,1,1
1532,1,0,0,1,0,0,1,0,1,3,3,1,1
1533,1,0,1,0,1,0,0,0,1,3,2,1,3
1534,1,0,0,0,1,0,0,1,1,2,3,2,3
1535,1,0,0,1,0,0,0,1,1,2,3,2,1
1536,1,0,0,1,0,0,0,0,1,2,3,2,3
1537,1,0,0,1,0,0,0,0,1,2,2,1,2
1538,1,0,0,1,0,0,1,0,1,3,3,1,1
1539,1,0,0,1,0,0,0,0,1,2,3,3,3
1540,1,0,0,1,1,0,1,0,1,3,3,1,3
1541,1,0,0,1,0,0,0,0,1,3,3,1,2
1542,1,0,0,0,0,0,0,0,1,2,1,2,2
1543,1,0,0,0,0,0,1,0,1,3,1,1,1
1544,1,0,0,0,0,0,1,0,1,3,1,1,1
1545,1,0,0,1,0,1,0,0,1,2,3,3,3
1546,1,0,0,0,1,0,1,0,1,2,1,2,3
1547,1,0,0,0,1,0,1,0,1,2,1,2,2
1548,1,0,0,1,0,0,1,0,1,1,3,3,2
1549,1,0,0,1,0,1,0,1,1,3,3,1,3
1550,1,0,0,0,0,1,0,0,1,2,2,1,2
1551,1,0,1,1,0,0,1,0,1,2,2,1,2
1552,1,0,1,0,1,0,0,0,1,3,2,1,1
1553,1,0,0,1,0,0,1,0,1,3,3,1,2
1554,1,0,0,0,0,0,0,0,1,3,3,3,3
1555,1,0,0,0,0,0,0,0,1,3,3,1,1
1556,1,0,0,0,0,0,0,0,1,2,2,2,2
1557,1,0,0,0,1,0,1,0,1,3,3,1,1
1558,1,0,0,0,0,0,0,0,1,3,3,2,1
1559,1,0,1,0,0,0,0,1,1,2,2,2,3
1560,1,0,1,0,0,0,0,1,1,2,2,2,3
1561,1,0,0,0,0,0,0,0,1,3,3,1,2
1562,1,0,0,0,0,1,0,1,1,1,1,3,2
1563,1,0,0,1,0,0,0,1,1,2,2,1,2
1564,1,0,0,1,0,1,1,1,1,3,3,1,1
1565,1,0,0,1,0,1,1,0,1,3,3,1,1
1566,1,0,0,0,1,0,1,0,1,2,1,2,2
1567,1,0,0,0,1,0,1,0,1,2,1,2,3
1568,1,0,0,1,0,0,0,0,1,3,2,1,1
1569,1,0,0,1,0,1,0,1,1,3,3,1,1
1570,1,0,0,1,0,1,0,1,1,1,1,1,1
1571,1,0,0,0,0,0,0,1,1,3,3,1,1
1572,1,0,0,0,0,1,0,0,1,2,2,2,3
1573,1,0,0,1,0,0,0,0,1,3,1,1,1
1574,1,0,0,0,0,0,0,1,1,3,3,1,1
1575,1,0,1,0,0,1,0,0,1,2,3,2,1
1576,1,0,0,0,0,1,1,0,1,1,3,1,1
1577,1,0,0,0,0,0,1,0,1,3,2,3,3
1578,1,0,0,1,0,0,1,0,1,3,2,2,2
1579,1,0,0,0,1,0,1,0,1,1,2,1,2
1580,1,0,0,0,1,0,1,0,1,1,2,1,3
1581,1,0,1,1,0,0,1,0,1,3,2,1,3
1582,1,0,1,0,0,0,0,0,1,3,3,1,2
1583,1,0,0,0,0,0,0,0,1,2,3,2,2
