ID,uno,sero,resta20,in1_150,in150,Emp,Y29,Y30_49,Y50_64,Y65,FEM,suburb,urb,wrk_H,NeatoutO,Npickupo,Ndelivo
1,1,0,1,0,0,1,1,0,0,0,1,1,0,0.5,11,6,1
2,1,0,0,0,0,1,0,0,0,1,1,1,0,0.64,3,1,7
3,1,0,0,0,1,0,0,1,0,0,0,0,1,1,1,5,1
4,1,0,0,1,0,1,1,0,0,0,0,0,1,0.68,5,1,4
5,1,0,1,0,0,0,0,0,1,0,1,1,0,0.24,3,7,2
7,1,0,1,0,0,1,1,0,0,0,1,1,0,1,6,2,2
8,1,0,0,1,0,1,0,1,0,0,1,0,0,0.75,1,1,2
9,1,0,0,0,1,1,0,1,0,0,1,0,1,1,2,2,2
10,1,0,0,0,0,1,0,1,0,0,0,1,0,0,11,1,1
11,1,0,0,1,0,1,0,1,0,0,0,1,0,0.41,6,7,1
12,1,0,0,0,0,1,1,0,0,0,0,0,1,0.68,1,1,7
13,1,0,0,0,0,1,0,0,1,0,1,1,0,0.09,3,1,1
14,1,0,0,0,0,1,1,0,0,0,0,0,1,0,5,1,1
15,1,0,0,0,1,1,0,1,0,0,1,1,0,0.91,3,5,1
16,1,0,0,0,1,0,0,1,0,0,1,0,1,0.91,1,1,3
17,1,0,0,0,1,1,0,1,0,0,1,1,0,0,3,7,1
18,1,0,0,1,0,1,0,1,0,0,0,0,1,0.2,2,2,1
19,1,0,0,1,0,1,0,0,1,0,0,1,0,1,1,1,3
20,1,0,0,0,1,1,1,0,0,0,0,0,1,0.5,5,2,2
21,1,0,0,0,1,1,0,1,0,0,1,1,0,1,3,2,5
22,1,0,0,0,1,1,0,1,0,0,1,1,0,1,11,7,3
23,1,0,0,0,0,1,0,1,0,0,0,1,0,0.91,1,1,3
24,1,0,1,0,1,1,0,1,0,0,0,1,0,0.45,3,3,1
25,1,0,0,0,1,1,0,1,0,0,0,1,0,0.55,1,2,3
26,1,0,0,1,0,1,0,0,1,0,1,1,0,0.82,1,1,1
27,1,0,0,0,1,1,0,1,0,0,1,1,0,1,1,2,3
28,1,0,0,0,0,1,0,1,0,0,0,1,0,1,3,1,3
29,1,0,0,1,0,1,0,1,0,0,1,1,0,0.41,3,1,1
30,1,0,0,0,1,1,0,0,1,0,0,0,1,0.19,11,1,6
31,1,0,1,1,0,1,0,1,0,0,1,0,1,0.27,6,6,1
32,1,0,1,0,0,1,0,0,1,0,1,0,1,1,2,3,5
33,1,0,0,0,1,1,0,0,1,0,0,0,1,0.15,2,7,2
34,1,0,1,1,0,0,1,0,0,0,0,0,1,0.45,6,1,3
35,1,0,0,1,0,1,0,0,1,0,1,0,1,1,7,1,3
36,1,0,0,0,1,1,0,1,0,0,0,1,0,0.09,3,2,2
37,1,0,0,0,1,1,0,0,1,0,1,0,0,0.05,5,1,3
38,1,0,0,1,0,1,0,0,1,0,1,0,0,0.82,6,1,1
39,1,0,0,0,1,1,0,1,0,0,0,1,0,1,1,7,1
40,1,0,0,0,0,0,0,0,0,1,0,0,1,0,2,1,1
41,1,0,0,0,0,1,0,0,1,0,1,0,1,0,1,3,1
42,1,0,0,0,0,0,0,0,0,1,0,0,0,0,5,1,1
43,1,0,0,0,0,1,0,1,0,0,0,1,0,0.4,2,6,3
44,1,0,0,0,0,1,0,0,1,0,0,1,0,1,1,1,1
45,1,0,0,0,0,0,0,0,0,1,0,0,0,0,3,1,1
46,1,0,0,0,0,0,0,0,0,1,0,0,0,0,11,1,1
47,1,0,0,0,1,0,0,1,0,0,1,0,0,0,3,1,1
48,1,0,0,0,1,1,0,0,1,0,1,1,0,1,1,3,1
49,1,0,0,0,1,1,0,0,1,0,1,1,0,0.1,6,1,4
50,1,0,0,0,1,1,0,0,1,0,0,0,1,1,2,6,6
51,1,0,0,0,1,1,0,1,0,0,1,1,0,1,8,2,4
52,1,0,0,0,1,0,0,0,0,1,0,0,1,0,3,1,3
53,1,0,0,1,0,0,0,0,1,0,0,1,0,0,1,1,4
54,1,0,0,0,1,1,0,1,0,0,0,1,0,1,1,3,3
55,1,0,1,0,0,1,1,0,0,0,1,0,1,0,11,1,5
56,1,0,0,1,0,1,0,0,1,0,1,1,0,0.692307692,1,7,5
57,1,0,0,1,0,0,0,0,1,0,0,0,0,0,11,1,5
58,1,0,0,1,0,0,0,0,0,1,0,1,0,0,9,1,1
59,1,0,0,0,1,0,0,0,0,1,1,1,0,0,1,6,3
60,1,0,0,0,0,1,0,1,0,0,1,1,0,0,1,6,7
61,1,0,0,1,0,1,0,1,0,0,1,1,0,1,2,4,1
62,1,0,0,0,0,0,0,0,0,1,0,1,0,0,1,1,1
63,1,0,0,0,1,0,0,0,0,1,1,1,0,0,1,1,1
64,1,0,1,0,1,1,0,0,0,1,0,0,1,0,4,1,1
65,1,0,0,0,0,0,0,1,0,0,1,0,1,0,1,5,1
66,1,0,0,0,0,0,0,0,0,1,0,1,0,0,2,1,5
67,1,0,0,0,0,0,0,0,1,0,1,0,0,0,2,1,3
68,1,0,0,0,1,1,0,0,1,0,0,0,0,0,6,1,1
69,1,0,0,0,0,1,0,1,0,0,1,1,0,1,3,3,2
71,1,0,0,0,1,0,0,1,0,0,1,1,0,0,4,2,3
72,1,0,0,0,1,1,0,1,0,0,0,1,0,0.956521739,1,7,1
73,1,0,0,0,0,0,0,1,0,0,0,1,0,0,1,3,1
74,1,0,0,0,0,1,0,1,0,0,1,1,0,1,1,3,1
75,1,0,0,0,0,0,0,0,0,1,1,1,0,0,4,1,1
76,1,0,0,0,0,0,0,0,1,0,1,1,0,0,1,1,2
77,1,0,0,1,0,0,0,0,0,1,0,1,0,0,7,1,1
78,1,0,0,0,1,0,0,1,0,0,1,1,0,0,5,5,1
79,1,0,0,0,1,1,0,0,1,0,0,1,0,0.636363636,6,1,1
80,1,0,0,0,0,0,0,0,0,1,0,0,0,0,5,1,1
81,1,0,0,0,0,0,0,0,0,1,0,1,0,0,1,7,1
82,1,0,1,0,1,0,0,0,0,1,0,1,0,0,7,1,3
83,1,0,0,0,0,1,0,0,1,0,1,1,0,0,1,1,2
84,1,0,0,0,1,1,0,0,1,0,0,0,1,0,11,1,3
85,1,0,0,0,0,1,0,0,1,0,1,1,0,0.272727273,1,1,1
86,1,0,0,1,0,1,0,0,1,0,0,1,0,0.05,6,1,1
87,1,0,0,0,1,1,0,1,0,0,1,1,0,0,11,1,1
88,1,0,0,0,0,0,0,0,0,1,0,1,0,0,1,1,1
89,1,0,0,0,1,0,0,0,1,0,1,1,0,0.285714286,1,3,2
90,1,0,0,0,1,1,1,0,0,0,1,0,0,0,6,1,1
91,1,0,0,0,0,1,1,0,0,0,1,0,1,0.090909091,3,1,1
92,1,0,0,0,1,0,0,0,0,1,0,0,1,0,1,1,7
93,1,0,0,1,0,0,0,1,0,0,0,1,0,0.818181818,1,1,1
94,1,0,0,0,1,0,0,0,0,1,0,1,0,0,1,1,1
95,1,0,0,1,0,1,0,0,0,1,0,1,0,0,4,1,1
96,1,0,0,1,0,0,0,0,0,1,0,0,0,0,3,1,1
97,1,0,0,1,0,0,0,0,0,1,0,0,0,0,2,1,1
98,1,0,0,0,0,0,0,0,0,1,0,1,0,0,4,1,2
99,1,0,0,0,1,1,0,0,0,1,0,1,0,0.5,5,3,1
100,1,0,0,0,0,1,0,1,0,0,1,1,0,1,3,3,1
101,1,0,0,1,0,0,0,0,0,1,0,1,0,0,1,1,1
102,1,0,0,0,0,0,0,1,0,0,0,1,0,0,3,2,1
103,1,0,0,0,0,0,0,0,0,1,0,0,1,0,1,1,1
104,1,0,0,0,0,1,1,0,0,0,1,1,0,0,1,1,1
105,1,0,0,0,0,0,1,0,0,0,0,1,0,0,1,4,1
106,1,0,0,0,1,1,0,1,0,0,1,1,0,0.909090909,4,1,3
107,1,0,0,0,1,1,0,0,1,0,1,0,1,0.086956522,1,2,1
108,1,0,0,0,1,1,0,1,0,0,1,1,0,0.208333333,3,3,4
109,1,0,1,0,0,1,0,1,0,0,1,0,1,1,2,3,2
110,1,0,0,1,0,0,0,0,0,1,0,1,0,0,3,1,1
111,1,0,0,0,1,1,0,0,1,0,0,1,0,0.130434783,7,1,1
112,1,0,0,0,0,0,0,0,0,1,0,0,0,0,6,1,1
113,1,0,0,0,1,1,0,0,1,0,1,1,0,0.818181818,1,1,1
114,1,0,0,0,0,0,0,0,0,1,0,0,1,0,1,1,1
115,1,0,0,1,0,1,0,0,1,0,0,1,0,0.142857143,10,1,5
116,1,0,0,0,0,0,0,0,0,1,1,1,0,0,1,1,2
117,1,0,0,1,0,0,0,0,1,0,0,1,0,0.681818182,1,5,1
118,1,0,0,0,1,1,0,1,0,0,1,1,0,0.36,3,1,2
119,1,0,0,0,1,0,0,0,0,1,0,0,1,0,3,2,2
120,1,0,0,0,1,0,0,0,1,0,1,0,0,0,3,1,1
121,1,0,0,0,0,0,0,0,0,1,0,1,0,0,2,1,1
122,1,0,0,1,0,1,0,0,0,1,0,1,0,0.090909091,5,1,3
123,1,0,0,1,0,0,0,0,0,1,0,1,0,0,11,1,3
124,1,0,0,0,1,1,0,1,0,0,0,0,0,0,6,1,1
125,1,0,0,1,0,0,0,0,1,0,1,1,0,0,3,1,1
126,1,0,0,0,0,0,0,0,0,1,1,1,0,0,4,1,3
127,1,0,0,0,1,1,0,0,0,1,0,1,0,1,7,1,1
128,1,0,0,0,0,0,0,0,0,1,0,1,0,0,1,1,1
129,1,0,0,1,0,1,0,1,0,0,1,1,0,0.045454545,3,1,1
130,1,0,0,0,0,0,0,0,1,0,1,1,0,0,1,1,1
131,1,0,0,0,1,0,0,0,1,0,0,1,0,0,6,1,1
133,1,0,0,0,0,0,0,0,0,1,0,0,0,0,1,1,1
134,1,0,0,0,0,1,0,1,0,0,1,0,1,0.909090909,5,2,2
135,1,0,1,0,0,0,0,1,0,0,0,0,1,0,1,1,1
136,1,0,0,0,1,0,0,0,1,0,1,0,0,0.85,2,1,3
137,1,0,0,0,1,0,0,0,0,1,0,1,0,0,1,1,4
138,1,0,0,0,0,0,0,0,0,1,0,1,0,0,11,1,1
139,1,0,1,0,1,1,0,0,1,0,0,1,0,1,4,1,4
140,1,0,0,0,0,0,0,0,0,1,1,0,0,0,1,1,1
141,1,0,0,0,1,1,0,1,0,0,0,0,0,0.181818182,6,3,1
142,1,0,1,0,0,0,0,0,0,1,0,0,1,0,11,1,1
143,1,0,0,0,0,0,0,0,0,1,0,1,0,0,1,1,6
144,1,0,0,1,0,0,0,0,1,0,1,1,0,0,6,1,2
145,1,0,0,0,1,1,0,0,1,0,1,1,0,0.318181818,5,1,1
146,1,0,0,0,1,1,0,1,0,0,0,0,1,1,5,6,1
147,1,0,0,0,1,0,0,0,0,1,0,0,0,0,1,1,1
148,1,0,0,0,1,1,0,0,1,0,1,1,0,0,1,1,1
149,1,0,1,0,1,0,0,0,0,1,0,0,1,0,7,1,1
150,1,0,1,1,0,1,1,0,0,0,1,0,1,0.909090909,6,2,2
151,1,0,0,1,0,1,0,0,1,0,1,1,0,0.181818182,1,1,3
152,1,0,0,1,0,0,0,0,0,1,0,1,0,0,3,1,1
153,1,0,0,0,1,0,0,0,0,1,0,1,0,0,4,1,1
154,1,0,0,0,0,0,0,0,0,1,0,0,1,0,1,3,3
155,1,0,0,1,0,0,0,0,0,1,1,0,0,0,4,1,1
156,1,0,0,0,0,0,0,0,1,0,1,1,0,0.045454545,11,1,1
157,1,0,0,1,0,1,0,1,0,0,0,1,0,1,5,1,1
158,1,0,0,0,0,0,0,0,0,1,0,1,0,0,7,1,2
159,1,0,0,0,0,1,0,0,0,1,1,0,0,0,1,1,2
160,1,0,0,0,0,1,0,0,1,0,1,1,0,0,2,1,2
161,1,0,0,0,0,1,0,0,1,0,1,0,0,0,2,1,1
162,1,0,0,0,0,1,0,0,0,1,0,0,0,0.25,6,1,1
163,1,0,0,0,1,1,0,0,1,0,1,0,0,0,1,1,5
164,1,0,0,0,0,0,0,0,0,1,0,1,0,0,2,1,1
165,1,0,0,0,0,0,0,0,0,1,0,1,0,0,1,2,1
166,1,0,0,1,0,1,0,0,1,0,1,1,0,0.266666667,4,3,1
167,1,0,0,0,0,0,0,0,1,0,0,0,0,0,1,1,3
168,1,0,0,1,0,0,0,0,0,1,0,0,1,0,1,1,1
169,1,0,0,1,0,0,0,0,0,1,0,1,0,0,1,1,1
170,1,0,0,1,0,0,0,0,1,0,1,1,0,0,11,1,1
171,1,0,0,0,0,0,0,0,0,1,0,1,0,0,2,1,1
172,1,0,1,0,0,1,0,1,0,0,0,1,0,0.076923077,4,1,1
173,1,0,0,0,0,1,0,1,0,0,1,1,0,0.090909091,1,1,1
174,1,0,0,0,0,1,0,0,1,0,1,0,0,0,5,1,3
175,1,0,0,0,0,0,0,0,0,1,1,1,0,0,1,1,3
176,1,0,1,0,1,1,1,0,0,0,1,0,1,0.954545455,7,1,3
177,1,0,0,1,0,1,0,0,1,0,1,1,0,0,4,2,1
178,1,0,0,0,0,1,0,1,0,0,1,0,1,0,1,2,1
179,1,0,1,0,1,0,0,0,0,1,0,0,1,0.727272727,5,1,1
180,1,0,1,0,1,0,0,0,0,1,0,0,1,0.75,3,1,3
181,1,0,0,0,1,1,1,0,0,0,1,0,1,1,11,2,3
182,1,0,0,0,1,1,0,1,0,0,1,0,0,0,1,1,7
183,1,0,0,0,1,1,0,0,1,0,0,1,0,0,3,1,1
184,1,0,0,1,0,0,0,0,1,0,0,1,0,0,3,1,1
185,1,0,0,0,1,1,0,0,1,0,1,1,0,0.2,1,1,3
186,1,0,1,0,0,1,0,1,0,0,0,0,1,1,1,1,7
187,1,0,0,1,0,0,0,0,1,0,0,1,0,0,11,1,3
188,1,0,0,1,0,0,0,0,0,1,0,0,0,0,11,1,1
189,1,0,0,0,0,0,0,0,0,1,1,1,0,0,1,1,5
190,1,0,0,0,0,0,0,1,0,0,1,1,0,0,4,5,3
191,1,0,0,1,0,1,0,0,1,0,1,1,0,1,1,1,1
192,1,0,0,1,0,0,0,0,1,0,1,1,0,0,1,3,1
193,1,0,0,0,1,1,0,0,1,0,1,1,0,0.136363636,6,6,1
194,1,0,0,0,1,0,0,0,1,0,1,1,0,0,3,3,2
195,1,0,0,0,1,1,0,0,1,0,1,1,0,0.090909091,5,1,1
196,1,0,0,0,1,1,0,0,1,0,1,1,0,1,6,7,1
197,1,0,1,0,1,0,0,1,0,0,1,0,1,0,11,7,1
198,1,0,0,0,1,0,0,0,0,1,1,1,0,0,1,3,1
199,1,0,0,1,0,1,0,0,1,0,1,1,0,0.2,4,1,1
200,1,0,0,0,1,1,0,0,1,0,0,1,0,0.95,7,3,2
201,1,0,0,1,0,0,0,0,1,0,0,1,0,0,1,1,1
202,1,0,0,0,1,0,0,0,1,0,0,0,1,0,4,4,3
203,1,0,0,0,1,0,0,0,1,0,0,1,0,0.454545455,4,1,1
204,1,0,0,0,1,0,0,0,1,0,0,0,1,0.72,4,1,1
205,1,0,0,1,0,0,0,0,0,1,1,1,0,0,11,1,1
206,1,0,0,0,1,0,0,0,1,0,0,0,1,0,1,4,1
207,1,0,0,1,0,0,0,0,1,0,1,1,0,0,5,1,1
209,1,0,1,0,1,1,0,0,1,0,1,0,1,0.181818182,6,3,3
210,1,0,0,0,0,1,0,0,1,0,1,0,1,0,2,1,3
211,1,0,1,0,1,1,0,1,0,0,1,1,0,0,6,1,1
212,1,0,0,0,1,1,0,0,1,0,0,1,0,0,2,2,1
213,1,0,1,0,1,1,0,1,0,0,1,1,0,0.916666667,2,3,7
214,1,0,0,1,0,0,0,0,1,0,0,1,0,0.482758621,6,1,1
215,1,0,0,1,0,0,0,0,0,1,0,1,0,0,1,1,1
216,1,0,0,0,1,0,0,0,1,0,1,1,0,0.166666667,11,1,1
217,1,0,0,1,0,1,0,0,1,0,1,0,0,0.045454545,9,1,1
218,1,0,1,0,1,0,0,0,0,1,1,1,0,0.090909091,1,1,1
219,1,0,0,0,1,1,0,0,0,1,1,1,0,1,11,1,1
220,1,0,0,1,0,1,0,0,1,0,0,1,0,0.681818182,11,1,7
221,1,0,0,0,0,1,0,0,0,1,0,1,0,0.045454545,2,1,1
222,1,0,0,0,1,0,0,0,1,0,0,1,0,0,5,1,3
223,1,0,0,0,0,1,0,1,0,0,1,1,0,1,2,1,3
224,1,0,0,0,0,0,0,0,0,1,1,1,0,0,1,7,1
225,1,0,0,0,0,1,0,0,0,1,1,0,1,1,1,4,3
226,1,0,0,0,0,0,0,0,0,1,1,1,0,0,1,1,5
227,1,0,0,0,0,0,0,1,0,0,1,0,0,0,2,1,6
228,1,0,1,0,1,0,0,0,1,0,1,1,0,0,3,1,1
229,1,0,0,0,1,0,0,0,1,0,1,1,0,0.64,6,3,5
230,1,0,0,0,0,1,0,0,1,0,0,0,0,0.65,9,1,1
231,1,0,1,0,0,0,0,0,1,0,0,0,1,0.79,9,1,6
232,1,0,0,0,0,0,0,0,0,1,1,0,1,0,1,1,1
233,1,0,0,1,0,0,0,0,1,0,0,0,1,0,6,1,7
234,1,0,0,1,0,1,0,0,1,0,1,1,0,0.82,1,1,1
235,1,0,0,1,0,0,0,0,1,0,0,0,1,1,2,3,1
236,1,0,0,0,1,0,0,0,0,1,0,1,0,0,6,1,1
237,1,0,0,0,0,0,0,0,1,0,0,1,0,0,1,1,1
238,1,0,1,0,0,1,0,1,0,0,1,1,0,0.05,11,1,1
239,1,0,0,0,0,1,0,0,1,0,1,1,0,0.18,5,2,1
240,1,0,0,0,1,0,0,0,0,1,1,1,0,0,11,1,1
241,1,0,0,0,1,0,0,1,0,0,1,1,0,1,8,1,1
242,1,0,0,0,1,0,0,1,0,0,0,1,0,0,11,1,1
244,1,0,0,0,0,0,0,0,1,0,0,0,1,0,1,1,1
245,1,0,1,0,1,0,0,0,1,0,1,1,0,1,1,7,3
246,1,0,0,0,1,0,0,0,1,0,0,0,1,0.1,3,1,1
247,1,0,0,0,1,1,0,0,1,0,0,1,0,0.05,11,2,3
248,1,0,0,0,1,0,0,0,1,0,1,1,0,0.09,7,7,3
249,1,0,0,0,0,0,0,1,0,0,1,1,0,1,2,1,1
251,1,0,0,0,1,0,0,0,1,0,1,1,0,0,4,2,1
252,1,0,1,0,0,0,0,1,0,0,0,0,1,0,1,1,1
253,1,0,0,0,1,0,0,0,1,0,1,1,0,0.09,3,1,1
254,1,0,0,0,0,0,0,0,0,1,1,1,0,1,5,1,1
255,1,0,0,1,0,1,0,1,0,0,0,1,0,0,11,1,1
256,1,0,0,0,1,0,0,0,0,1,1,0,0,1,6,3,1
257,1,0,0,0,0,1,1,0,0,0,0,0,0,0,8,7,2
258,1,0,0,0,0,0,0,0,0,1,1,1,0,0,3,1,1
259,1,0,0,1,0,1,0,0,0,1,1,1,0,0,4,1,3
260,1,0,1,0,0,1,1,0,0,0,0,0,1,0.29,11,1,3
261,1,0,0,1,0,0,0,0,0,1,0,0,0,0,5,1,1
262,1,0,0,0,0,1,0,1,0,0,1,1,0,0,1,1,4
263,1,0,0,0,1,0,0,1,0,0,1,0,1,0.39,1,1,1
264,1,0,0,0,0,1,0,1,0,0,0,0,0,0,11,1,1
265,1,0,0,0,0,1,0,1,0,0,0,0,0,0,2,1,1
266,1,0,0,0,1,0,0,0,1,0,0,0,1,0,6,1,2
267,1,0,1,0,1,1,1,0,0,0,0,1,0,0,11,3,2
268,1,0,0,0,1,1,0,1,0,0,1,0,0,0,4,1,2
270,1,0,0,1,0,0,0,0,0,1,0,1,0,0,11,1,1
271,1,0,0,0,1,0,0,0,1,0,1,1,0,0.67,5,1,1
272,1,0,0,0,0,0,0,0,0,1,1,1,0,0,7,1,1
273,1,0,0,0,0,1,1,0,0,0,0,0,1,1,4,1,6
274,1,0,0,0,0,1,0,0,1,0,1,1,0,0,2,2,5
275,1,0,1,0,0,0,1,0,0,0,0,0,1,0.62,1,4,1
276,1,0,1,0,0,1,0,1,0,0,0,0,1,0.73,5,1,1
277,1,0,1,0,0,0,1,0,0,0,1,0,1,0,1,3,1
278,1,0,1,0,0,1,0,1,0,0,0,0,1,0.82,6,7,3
279,1,0,0,1,0,1,0,0,1,0,1,0,0,0,9,1,4
280,1,0,1,0,1,1,0,0,0,1,1,1,0,0.82,11,7,1
281,1,0,0,0,1,0,1,0,0,0,1,1,0,0,8,1,2
282,1,0,0,0,0,1,0,1,0,0,1,1,0,0.32,4,1,4
283,1,0,1,1,0,1,1,0,0,0,1,1,0,0.62,8,1,3
285,1,0,0,0,0,1,0,1,0,0,0,1,0,0,4,7,4
286,1,0,1,0,0,0,1,0,0,0,1,0,1,0,9,1,1
287,1,0,0,0,0,1,0,1,0,0,1,0,0,0,11,3,3
288,1,0,0,1,0,1,0,1,0,0,1,1,0,0.55,1,1,1
289,1,0,0,0,0,1,0,0,0,1,0,1,0,0,5,1,3
290,1,0,0,0,0,1,0,0,1,0,1,1,0,0.14,11,1,7
291,1,0,0,0,0,1,0,1,0,0,0,1,0,0.09,5,2,1
292,1,0,1,0,1,1,1,0,0,0,1,1,0,0.23,1,7,1
293,1,0,0,0,0,1,0,0,1,0,0,1,0,0.09,1,1,4
294,1,0,0,0,1,1,0,0,1,0,1,1,0,1,3,7,1
295,1,0,0,1,0,1,0,1,0,0,1,0,1,0,3,1,1
296,1,0,0,0,0,1,0,1,0,0,0,1,0,0,5,3,6
297,1,0,0,0,0,0,0,0,1,0,1,0,0,0,3,1,6
298,1,0,1,0,0,0,1,0,0,0,0,0,1,0,5,3,3
299,1,0,0,0,1,1,0,1,0,0,1,1,0,0.78,1,1,5
300,1,0,0,1,0,1,0,1,0,0,1,0,0,0,4,2,3
301,1,0,0,0,1,1,0,0,1,0,0,0,0,0,11,1,1
302,1,0,0,0,1,1,0,0,1,0,1,0,0,0,11,1,1
303,1,0,0,1,0,1,0,0,0,1,0,1,0,0,5,1,2
304,1,0,0,0,1,0,0,0,1,0,1,0,1,0,11,1,1
305,1,0,0,1,0,1,0,1,0,0,0,1,0,0,5,1,1
306,1,0,0,1,0,1,0,0,1,0,1,1,0,0,5,2,1
307,1,0,0,1,0,1,0,0,1,0,0,0,1,0.73,2,1,1
308,1,0,0,0,0,1,0,0,1,0,1,1,0,0,11,1,1
309,1,0,0,0,1,1,0,0,0,1,0,1,0,0,8,1,6
310,1,0,0,0,0,1,0,0,1,0,1,1,0,0,5,4,1
311,1,0,1,1,0,1,1,0,0,0,0,0,1,0,1,6,1
312,1,0,0,0,1,0,0,0,1,0,1,1,0,1,1,7,1
313,1,0,1,1,0,1,0,1,0,0,0,0,1,0.91,7,4,4
314,1,0,1,0,0,1,0,1,0,0,1,0,1,0,1,1,1
315,1,0,1,0,0,0,1,0,0,0,0,0,1,0,5,1,1
316,1,0,1,0,1,1,0,1,0,0,0,0,1,0.27,2,1,5
317,1,0,0,0,0,1,0,1,0,0,1,1,0,0,3,3,1
318,1,0,0,1,0,1,0,1,0,0,1,1,0,0.86,3,4,4
319,1,0,0,0,0,1,0,0,1,0,0,0,0,0,11,1,3
320,1,0,0,1,0,1,0,0,1,0,1,0,1,0,3,7,3
321,1,0,0,0,1,1,0,1,0,0,1,1,0,0,6,3,3
322,1,0,1,0,0,1,1,0,0,0,1,0,1,0.64,9,3,5
323,1,0,0,0,0,1,0,0,0,1,1,1,0,0,5,1,1
324,1,0,0,0,0,1,0,1,0,0,0,0,0,0,5,1,2
325,1,0,1,0,0,0,1,0,0,0,1,0,1,0,3,1,1
326,1,0,0,1,0,1,0,0,0,1,0,0,0,0,1,1,1
327,1,0,0,1,0,1,0,1,0,0,1,1,0,0,3,2,3
328,1,0,0,0,1,1,0,1,0,0,1,1,0,1,1,2,5
329,1,0,0,0,0,1,0,1,0,0,0,1,0,0,3,3,4
330,1,0,0,0,0,0,0,0,1,0,0,0,0,0,3,1,1
331,1,0,0,0,1,1,0,0,1,0,1,0,0,0,11,1,1
332,1,0,0,0,0,1,0,1,0,0,1,0,0,0,6,1,1
333,1,0,0,1,0,0,0,0,1,0,1,1,0,0,4,1,1
334,1,0,0,1,0,1,0,1,0,0,1,1,0,0,2,1,2
335,1,0,0,1,0,1,0,1,0,0,0,0,1,1,5,4,1
336,1,0,0,0,0,1,0,0,1,0,1,1,0,0.45,5,7,4
337,1,0,0,0,1,1,0,0,1,0,0,1,0,0,1,1,3
338,1,0,0,1,0,1,0,0,0,1,0,1,0,0.6,1,1,7
339,1,0,1,0,0,1,0,1,0,0,0,0,1,0,6,1,2
340,1,0,1,0,1,1,0,0,1,0,1,0,1,0.23,11,2,4
341,1,0,0,1,0,1,0,0,0,1,1,1,0,0.25,2,4,1
342,1,0,0,0,0,1,0,1,0,0,0,0,1,0,1,1,3
343,1,0,0,0,0,1,0,0,1,0,1,1,0,0,2,1,1
344,1,0,0,0,1,1,0,0,1,0,1,1,0,0.05,4,1,1
345,1,0,0,1,0,1,0,1,0,0,1,1,0,0,5,1,1
346,1,0,0,1,0,1,0,1,0,0,1,0,0,0,3,1,1
347,1,0,0,1,0,0,0,0,1,0,1,0,0,0,6,1,1
348,1,0,0,0,0,1,0,1,0,0,0,1,0,0,2,1,1
349,1,0,0,0,0,1,0,1,0,0,0,1,0,0,6,2,1
350,1,0,0,0,1,1,0,0,1,0,1,0,0,0,4,2,1
351,1,0,0,0,0,1,0,0,1,0,1,1,0,0,1,1,1
353,1,0,0,0,0,1,0,0,1,0,0,1,0,1,1,1,1
354,1,0,0,0,1,1,0,0,1,0,1,1,0,0,8,1,7
355,1,0,0,0,1,1,0,1,0,0,0,0,1,0.4,1,1,1
356,1,0,0,1,0,1,0,0,1,0,0,1,0,0.23,1,1,5
357,1,0,0,0,0,1,0,0,0,1,0,0,0,0,2,1,1
358,1,0,0,0,1,1,0,0,1,0,0,1,0,0.23,3,1,1
359,1,0,0,1,0,1,0,0,1,0,1,0,0,0,2,1,1
360,1,0,0,0,0,1,0,0,0,1,1,0,1,1,1,3,7
361,1,0,0,0,0,0,0,0,1,0,1,0,0,0,2,1,1
362,1,0,0,0,1,1,0,0,1,0,0,1,0,0.09,5,1,1
363,1,0,0,0,0,1,0,1,0,0,1,1,0,0.73,2,1,1
364,1,0,0,0,0,1,0,1,0,0,0,1,0,0.82,2,1,1
365,1,0,0,0,1,1,0,0,1,0,1,1,0,0.73,4,1,1
366,1,0,0,0,1,1,0,0,0,1,0,1,0,0,7,1,1
367,1,0,0,0,1,1,0,0,0,1,1,1,0,0,1,1,1
368,1,0,0,0,1,0,0,0,1,0,1,0,0,0.92,6,1,1
369,1,0,0,1,0,1,0,0,0,1,0,0,1,1,1,1,5
370,1,0,0,1,0,1,0,1,0,0,1,0,0,0.46,1,1,1
371,1,0,0,0,1,1,0,1,0,0,1,1,0,0.09,4,7,5
373,1,0,0,0,1,1,0,0,1,0,0,1,0,0.09,11,1,1
374,1,0,0,1,0,1,0,1,0,0,1,1,0,0,7,1,1
375,1,0,0,0,1,1,0,0,1,0,0,1,0,0,1,5,3
376,1,0,0,1,0,1,0,1,0,0,1,1,0,0,3,1,1
377,1,0,0,0,0,1,0,0,0,1,0,1,0,0.09,3,1,2
378,1,0,0,0,0,1,0,1,0,0,1,0,0,0,6,1,3
379,1,0,0,1,0,1,0,0,1,0,1,0,0,0,1,1,7
380,1,0,0,1,0,1,0,1,0,0,0,1,0,0.5,9,1,1
381,1,0,1,0,1,0,0,0,1,0,1,1,0,0.14,3,2,3
382,1,0,0,1,0,0,0,0,0,1,1,0,1,0.21,11,1,1
383,1,0,0,1,0,1,0,0,1,0,0,1,0,0,6,1,2
384,1,0,0,0,1,0,0,0,1,0,0,1,0,0,6,1,1
385,1,0,0,0,0,1,0,0,1,0,1,0,0,0,7,1,1
386,1,0,0,0,0,1,0,0,0,1,1,1,0,0.36,1,7,1
387,1,0,0,1,0,1,0,0,0,1,0,1,0,0,1,1,1
388,1,0,0,1,0,1,0,0,1,0,0,1,0,0,2,2,1
389,1,0,0,0,0,1,0,1,0,0,0,1,0,0,9,1,6
390,1,0,0,0,1,1,0,0,0,1,0,0,1,0.83,3,2,1
391,1,0,0,0,1,1,0,0,1,0,1,0,0,0,6,1,1
392,1,0,0,0,1,1,0,1,0,0,0,0,0,0,6,1,1
393,1,0,0,0,0,1,0,1,0,0,1,0,0,0,1,1,1
394,1,0,0,0,0,1,0,0,1,0,1,0,0,0,3,1,2
395,1,0,0,1,0,1,0,1,0,0,0,1,0,0,5,1,1
396,1,0,0,0,0,1,0,0,0,1,0,1,0,0,1,1,7
397,1,0,1,1,0,1,0,0,1,0,0,1,0,0.77,11,1,1
398,1,0,0,0,1,1,0,1,0,0,1,0,0,0,3,1,1
399,1,0,0,0,0,1,0,0,0,1,1,1,0,0,1,1,1
400,1,0,0,0,0,1,0,0,1,0,1,1,0,0,1,1,2
402,1,0,0,0,0,1,0,0,1,0,1,0,0,0,1,3,3
403,1,0,0,1,0,0,0,1,0,0,0,1,0,0,3,1,1
404,1,0,0,1,0,0,0,0,0,1,0,1,0,0,1,1,5
405,1,0,0,0,1,1,0,1,0,0,1,0,0,0,5,1,1
406,1,0,0,0,1,1,0,0,0,1,1,0,0,0,1,1,2
407,1,0,0,0,0,1,0,1,0,0,1,0,0,0,1,1,6
408,1,0,0,0,1,1,0,1,0,0,0,1,0,1,2,1,1
409,1,0,0,1,0,1,0,1,0,0,1,0,0,0.19,7,1,1
410,1,0,0,0,1,0,0,0,1,0,1,1,0,0.45,11,1,5
411,1,0,0,0,0,1,0,0,1,0,1,0,0,0,11,1,1
412,1,0,0,0,0,1,0,1,0,0,1,0,1,0,3,3,1
413,1,0,0,1,0,1,0,1,0,0,1,0,1,0,5,2,2
414,1,0,1,1,0,0,0,0,1,0,1,1,0,1,1,4,1
415,1,0,0,0,0,0,0,0,1,0,0,0,0,0,3,1,1
416,1,0,1,0,0,1,0,1,0,0,1,1,0,0,11,3,1
417,1,0,0,1,0,1,0,0,1,0,0,1,0,0.68,11,1,4
418,1,0,0,0,1,1,0,0,0,1,0,0,0,0.04,5,1,5
419,1,0,0,0,1,0,0,0,1,0,1,0,1,0,9,1,1
420,1,0,0,0,0,1,0,0,1,0,1,0,0,0,5,1,1
421,1,0,0,0,1,1,0,0,1,0,0,0,0,0,8,1,1
422,1,0,0,1,0,1,0,1,0,0,1,1,0,0,3,1,2
423,1,0,0,0,0,1,0,1,0,0,1,1,0,0.02,1,2,1
424,1,0,0,1,0,1,0,1,0,0,1,1,0,0,4,2,7
425,1,0,0,0,0,1,1,0,0,0,1,0,0,0,1,1,1
426,1,0,0,0,1,1,0,0,1,0,0,0,0,0.15,7,7,1
427,1,0,0,1,0,1,0,0,1,0,0,0,1,0.17,1,1,3
428,1,0,0,1,0,1,0,0,0,1,1,0,0,1,7,1,2
429,1,0,0,1,0,1,0,1,0,0,1,0,1,0,2,1,4
430,1,0,0,0,1,1,0,1,0,0,0,0,0,0,5,3,1
431,1,0,0,1,0,0,0,0,1,0,0,1,0,0,3,7,3
432,1,0,0,0,0,0,0,1,0,0,1,0,1,0.09,3,1,2
433,1,0,0,0,0,1,0,0,1,0,1,0,1,1,1,3,3
434,1,0,0,0,0,0,0,1,0,0,1,1,0,0.65,1,2,6
435,1,0,0,0,0,1,0,0,1,0,1,0,1,0,5,1,4
436,1,0,0,1,0,1,0,0,1,0,1,1,0,0,3,1,1
437,1,0,0,1,0,1,0,1,0,0,1,1,0,1,2,3,1
438,1,0,0,1,0,1,0,0,1,0,1,0,1,1,6,3,1
439,1,0,0,1,0,1,0,0,1,0,1,0,0,0.41,1,1,1
440,1,0,0,0,1,0,0,1,0,0,1,0,1,0.68,9,2,1
441,1,0,0,0,0,1,0,0,1,0,1,1,0,0,1,1,1
442,1,0,0,0,0,1,1,0,0,0,1,0,0,1,3,1,1
443,1,0,0,0,1,1,0,1,0,0,1,1,0,0,1,7,1
444,1,0,0,1,0,1,0,0,1,0,1,1,0,0,1,1,1
445,1,0,0,0,1,0,0,1,0,0,1,1,0,0.12,2,1,1
446,1,0,0,0,0,1,0,1,0,0,1,0,0,0,2,1,3
447,1,0,0,0,0,1,0,1,0,0,0,1,0,1,2,4,4
448,1,0,0,0,0,1,0,0,1,0,1,0,0,0,2,1,1
449,1,0,0,1,0,1,0,0,0,1,1,0,0,0,9,1,3
450,1,0,0,0,0,1,0,1,0,0,1,1,0,0.21,3,5,1
451,1,0,0,0,0,1,0,0,1,0,0,1,0,0,1,1,1
452,1,0,0,1,0,1,0,1,0,0,1,0,0,0.17,6,1,2
453,1,0,0,0,1,0,0,0,1,0,1,1,0,0.96,4,1,4
454,1,0,0,1,0,1,0,1,0,0,1,1,0,0.53,2,5,1
455,1,0,0,1,0,1,0,1,0,0,0,0,1,0,5,2,1
456,1,0,0,1,0,1,0,1,0,0,1,0,0,0,11,1,1
457,1,0,0,0,0,1,0,0,1,0,0,1,0,0,4,2,2
458,1,0,0,1,0,1,0,0,1,0,0,1,0,0.36,9,4,1
459,1,0,0,0,1,0,0,0,0,1,0,0,1,0,5,1,1
460,1,0,0,0,0,1,0,0,1,0,1,0,1,1,1,2,1
461,1,0,0,0,1,1,0,0,1,0,1,1,0,0.55,2,1,3
462,1,0,0,0,1,0,0,1,0,0,1,0,0,0,5,2,2
463,1,0,0,0,0,1,0,1,0,0,1,1,0,0,5,2,1
464,1,0,0,1,0,1,0,1,0,0,1,0,0,0.32,2,3,1
465,1,0,0,0,1,1,0,0,0,1,0,0,1,0,9,1,1
466,1,0,1,0,0,0,1,0,0,0,1,0,1,0,7,1,1
467,1,0,0,0,0,0,0,1,0,0,1,0,0,0.55,3,1,1
468,1,0,0,1,0,1,0,0,1,0,1,1,0,0,6,1,1
469,1,0,0,0,1,0,0,1,0,0,1,0,1,0.33,1,5,2
470,1,0,0,0,1,1,0,0,1,0,0,0,0,0,11,1,1
471,1,0,0,0,1,1,0,0,1,0,1,1,0,0.12,11,1,1
472,1,0,0,0,0,0,0,1,0,0,1,1,0,0,6,1,1
473,1,0,0,0,1,1,0,0,1,0,0,0,0,0.09,11,1,7
474,1,0,0,0,1,1,0,1,0,0,1,1,0,1,1,3,1
475,1,0,0,1,0,1,0,0,1,0,1,0,0,0,11,1,2
476,1,0,0,0,0,1,0,0,1,0,1,1,0,1,3,1,1
477,1,0,0,0,0,1,0,0,1,0,0,0,1,1,3,1,1
478,1,0,0,0,1,1,0,0,1,0,0,1,0,0,5,1,3
479,1,0,0,0,0,1,0,1,0,0,1,0,0,0,5,1,2
480,1,0,0,0,0,1,0,0,1,0,1,1,0,0,2,1,3
481,1,0,0,0,0,1,0,1,0,0,1,0,0,0,5,1,1
482,1,0,0,0,0,1,0,0,1,0,1,1,0,0,3,2,1
484,1,0,0,0,1,0,0,0,1,0,0,0,0,0,11,1,1
485,1,0,0,1,0,1,0,1,0,0,1,0,0,0,6,1,1
486,1,0,0,0,1,1,0,0,0,1,1,1,0,1,1,1,3
487,1,0,1,1,0,1,0,0,1,0,1,1,0,1,6,6,3
488,1,0,0,1,0,1,0,1,0,0,1,1,0,0,7,1,1
489,1,0,0,1,0,1,0,1,0,0,0,0,1,0.12,1,5,7
490,1,0,0,0,1,1,0,0,1,0,1,1,0,1,2,2,2
491,1,0,0,0,1,1,0,0,1,0,1,1,0,0,4,1,1
492,1,0,0,0,0,1,0,0,1,0,0,0,0,0,2,1,1
493,1,0,0,1,0,1,0,1,0,0,1,1,0,0,11,1,1
494,1,0,0,0,0,1,0,0,0,1,0,0,1,0,7,3,1
495,1,0,0,1,0,1,0,0,0,1,0,0,1,0.2,3,1,1
496,1,0,0,0,0,1,0,0,1,0,1,0,1,0,1,1,1
497,1,0,0,0,1,1,0,0,1,0,1,1,0,0.22,9,3,5
498,1,0,0,1,0,1,0,0,1,0,1,1,0,0,1,7,1
499,1,0,1,0,1,1,0,0,0,1,1,1,0,0.07,1,1,1
500,1,0,0,0,0,1,0,1,0,0,1,1,0,1,2,3,1
501,1,0,0,0,0,1,0,0,0,1,1,1,0,0,7,1,2
502,1,0,0,0,0,1,1,0,0,0,1,1,0,0,3,7,6
504,1,0,0,1,0,1,0,0,0,1,0,0,1,0.23,1,4,1
505,1,0,0,0,0,1,1,0,0,0,1,1,0,0,1,1,4
506,1,0,0,0,0,1,0,0,1,0,0,1,0,0,1,3,1
507,1,0,0,0,0,1,0,0,0,1,0,0,0,0,7,1,1
508,1,0,0,1,0,1,0,0,1,0,1,1,0,0,1,2,1
509,1,0,0,0,0,1,0,1,0,0,1,1,0,0,11,4,3
510,1,0,1,1,0,1,0,1,0,0,0,0,1,0.68,11,1,6
511,1,0,0,0,0,1,0,0,1,0,1,0,0,0,1,1,1
512,1,0,0,0,0,1,0,0,1,0,1,0,0,0,6,1,1
513,1,0,0,0,0,1,0,0,1,0,1,0,0,0,11,2,6
514,1,0,0,0,1,1,0,0,1,0,0,1,0,0,5,1,2
515,1,0,0,0,0,1,0,0,1,0,1,1,0,0,9,1,4
516,1,0,0,0,1,1,0,0,1,0,1,1,0,0.08,1,1,1
517,1,0,0,0,0,1,0,1,0,0,0,0,0,0,1,1,1
518,1,0,0,1,0,1,0,0,0,1,0,0,0,0,6,1,3
519,1,0,0,0,0,1,0,1,0,0,1,1,0,0,10,5,1
520,1,0,0,1,0,1,0,0,0,1,1,0,1,1,1,1,1
521,1,0,0,0,0,1,0,0,1,0,1,0,1,0.36,1,1,5
522,1,0,0,0,0,1,0,0,1,0,1,0,1,0.09,2,1,1
523,1,0,0,0,0,1,0,0,1,0,0,0,0,0,11,1,1
524,1,0,0,0,0,1,0,0,0,1,1,0,0,0,11,1,6
526,1,0,0,0,1,1,0,0,1,0,1,1,0,0,3,2,3
527,1,0,0,1,0,1,0,0,1,0,0,1,0,1,1,6,2
528,1,0,0,1,0,0,0,0,1,0,1,0,0,0,11,1,3
529,1,0,0,0,1,1,0,1,0,0,1,1,0,0,8,7,3
530,1,0,0,0,0,1,0,0,1,0,1,1,0,0.05,7,1,1
531,1,0,0,0,1,1,0,0,1,0,1,1,0,0.95,2,1,1
532,1,0,0,0,1,1,0,0,1,0,1,1,0,1,9,1,2
533,1,0,0,0,0,0,0,0,1,0,0,0,0,0,1,2,3
534,1,0,0,0,0,0,0,0,1,0,1,0,0,0,11,1,1
535,1,0,0,0,0,0,0,0,0,1,1,0,0,0,2,1,1
536,1,0,0,1,0,1,0,0,1,0,0,0,0,0,11,1,1
537,1,0,0,0,0,1,0,0,1,0,1,0,0,0,6,1,5
538,1,0,0,0,1,0,0,0,0,1,1,0,1,0,6,1,2
539,1,0,0,1,0,0,0,1,0,0,1,0,0,0.11,1,1,4
540,1,0,0,0,0,1,0,1,0,0,1,0,0,0,5,1,1
541,1,0,0,1,0,1,0,0,0,1,1,1,0,0.36,1,1,1
542,1,0,0,0,0,1,0,1,0,0,1,1,0,0,6,1,5
543,1,0,0,1,0,1,0,1,0,0,1,1,0,0.07,2,1,2
544,1,0,0,0,0,1,0,0,1,0,1,0,1,0,1,1,1
545,1,0,0,0,1,1,0,0,1,0,0,0,0,0,5,1,3
546,1,0,1,0,1,1,0,1,0,0,1,1,0,0.05,7,1,4
547,1,0,0,0,0,1,0,0,1,0,1,0,1,0,1,1,1
548,1,0,0,0,1,1,0,0,1,0,0,1,0,1,5,3,3
549,1,0,0,0,1,0,0,0,0,1,1,1,0,0,1,1,1
550,1,0,0,1,0,0,0,1,0,0,0,0,0,0,11,1,1
551,1,0,0,0,0,1,0,0,1,0,1,0,0,0,4,1,1
552,1,0,0,1,0,1,0,0,1,0,0,1,0,0,5,7,1
553,1,0,0,0,0,1,0,0,0,1,1,1,0,0,9,2,6
554,1,0,0,1,0,1,0,1,0,0,1,0,0,0,6,1,1
555,1,0,0,1,0,1,0,1,0,0,1,0,0,0.2,3,1,1
556,1,0,0,0,0,1,0,1,0,0,1,0,0,0,4,3,1
557,1,0,1,1,0,0,0,1,0,0,1,1,0,1,1,1,1
558,1,0,0,0,0,1,0,0,1,0,1,0,1,0.73,3,1,5
559,1,0,0,0,0,1,0,0,1,0,1,0,1,0,4,3,3
560,1,0,0,0,0,1,0,1,0,0,1,0,1,0,9,2,2
561,1,0,1,1,0,1,0,0,1,0,1,1,0,0.82,3,7,1
562,1,0,0,1,0,1,0,0,1,0,0,0,0,0,11,1,1
563,1,0,0,0,1,1,0,0,1,0,1,0,0,0,3,1,7
564,1,0,0,0,1,1,0,0,1,0,0,0,0,0.45,2,1,2
565,1,0,0,0,0,0,0,0,1,0,1,1,0,0,1,3,1
566,1,0,0,0,0,1,0,1,0,0,0,1,0,0.73,1,1,6
567,1,0,0,0,0,1,0,0,0,1,1,0,0,0,9,1,1
568,1,0,0,1,0,1,0,0,0,1,1,1,0,0,11,1,1
569,1,0,1,0,0,0,1,0,0,0,1,0,1,0,3,3,1
570,1,0,0,0,1,0,0,0,0,1,0,0,0,0,11,1,1
571,1,0,0,0,1,1,0,0,1,0,1,0,1,0.05,2,1,7
572,1,0,0,0,1,1,0,0,1,0,0,1,0,0.04,1,1,1
573,1,0,0,1,0,1,0,1,0,0,1,0,0,0,3,1,1
574,1,0,0,0,0,1,0,1,0,0,0,1,0,0.95,3,2,1
575,1,0,0,0,0,1,0,1,0,0,1,0,1,0.92,6,7,6
576,1,0,0,1,0,1,0,0,1,0,1,1,0,0,1,1,3
577,1,0,0,0,0,1,0,0,1,0,0,1,0,0.14,5,1,2
578,1,0,0,0,1,1,0,1,0,0,0,0,1,1,3,5,5
579,1,0,0,1,0,1,0,0,1,0,0,0,1,0.17,2,4,4
580,1,0,0,1,0,1,0,0,1,0,0,0,1,1,2,1,6
581,1,0,0,0,0,1,0,0,1,0,1,1,0,0.08,11,1,1
582,1,0,1,0,0,1,1,0,0,0,0,0,1,0.11,5,1,1
583,1,0,0,0,0,1,0,0,1,0,0,0,1,0,1,1,3
584,1,0,0,0,0,1,0,0,0,1,0,1,0,0.35,2,1,1
585,1,0,0,0,1,1,0,0,1,0,1,1,0,0,7,1,2
586,1,0,0,1,0,1,0,0,1,0,1,0,1,0.41,3,1,4
587,1,0,0,0,1,1,0,0,0,1,0,1,0,0.05,4,1,2
588,1,0,0,0,0,1,0,1,0,0,1,1,0,0.82,1,5,3
589,1,0,0,0,1,1,0,0,1,0,1,0,0,0,5,1,2
590,1,0,1,1,0,1,0,0,0,1,1,1,0,0.7,3,1,6
591,1,0,0,0,0,1,0,1,0,0,0,0,1,0.8,3,5,4
592,1,0,0,0,1,1,0,1,0,0,1,0,1,1,2,1,5
593,1,0,0,0,0,1,0,1,0,0,1,0,1,0.27,5,2,1
594,1,0,0,0,0,1,0,1,0,0,1,0,0,0,5,1,1
595,1,0,0,0,0,1,0,0,1,0,1,1,0,0,4,7,1
596,1,0,0,0,0,1,0,0,1,0,1,1,0,0.24,1,1,1
597,1,0,1,0,0,1,0,0,1,0,1,0,1,0.57,9,1,1
598,1,0,0,1,0,0,0,0,0,1,0,0,0,0,3,1,2
599,1,0,0,0,1,1,0,0,1,0,0,0,1,0.82,9,1,5
600,1,0,0,0,0,1,0,0,1,0,1,0,1,0,11,1,7
601,1,0,0,1,0,1,0,0,1,0,1,0,0,0,5,1,1
602,1,0,0,1,0,1,0,0,0,1,0,1,0,0.64,9,1,1
603,1,0,0,1,0,1,0,1,0,0,1,0,1,1,1,1,7
604,1,0,0,0,1,1,0,0,1,0,1,0,0,0.86,1,2,4
605,1,0,0,0,1,0,0,0,0,1,0,1,0,1,1,2,2
606,1,0,0,0,0,1,0,1,0,0,1,0,1,1,2,1,1
607,1,0,0,1,0,1,0,0,1,0,0,0,0,0.08,9,2,1
608,1,0,0,0,1,1,0,1,0,0,1,0,1,0.64,3,1,1
609,1,0,0,1,0,1,0,0,1,0,1,1,0,0,11,1,2
610,1,0,0,1,0,1,0,0,1,0,1,0,0,0.23,6,1,1
611,1,0,0,1,0,1,0,1,0,0,1,1,0,0,7,6,1
612,1,0,1,1,0,1,0,0,1,0,1,1,0,0,4,2,2
613,1,0,1,0,0,1,0,0,1,0,1,1,0,0.36,10,1,3
614,1,0,0,0,1,0,0,1,0,0,1,1,0,0,4,1,1
615,1,0,0,0,0,1,0,0,1,0,1,1,0,0,1,2,3
616,1,0,0,1,0,0,0,0,1,0,1,1,0,0.78,5,1,1
617,1,0,0,0,0,1,0,1,0,0,1,0,1,0,1,1,2
618,1,0,0,1,0,1,1,0,0,0,0,1,0,0.91,5,1,1
619,1,0,0,0,0,1,0,1,0,0,1,1,0,0,2,7,2
620,1,0,0,0,1,1,0,1,0,0,0,0,1,0,3,1,1
621,1,0,0,1,0,1,0,1,0,0,1,0,0,0.82,1,1,1
622,1,0,0,0,1,1,0,0,1,0,1,1,0,0.05,6,1,3
623,1,0,0,0,1,1,0,0,1,0,1,1,0,0,4,1,4
624,1,0,0,0,0,1,0,1,0,0,0,1,0,1,4,1,1
625,1,0,1,1,0,1,0,1,0,0,1,0,1,0,1,1,5
626,1,0,0,1,0,0,0,0,1,0,1,0,0,0,11,1,1
627,1,0,0,1,0,1,0,1,0,0,1,0,0,0,5,1,3
628,1,0,0,0,0,1,0,0,0,1,1,0,1,0,1,1,1
629,1,0,0,1,0,1,0,0,1,0,0,1,0,0,1,1,1
630,1,0,0,0,0,1,0,1,0,0,1,1,0,0.03,1,1,3
631,1,0,0,1,0,1,0,0,1,0,0,1,0,0.21,1,1,5
632,1,0,0,1,0,0,0,1,0,0,0,0,1,1,2,1,2
633,1,0,0,0,0,1,0,0,1,0,1,0,0,0.23,3,1,1
634,1,0,0,1,0,0,0,1,0,0,1,0,1,0.14,2,2,2
635,1,0,0,0,1,1,0,0,0,1,1,1,0,0,9,3,2
636,1,0,0,1,0,1,0,0,0,1,1,1,0,0,2,1,1
637,1,0,0,0,1,0,0,0,0,1,1,0,1,0,4,1,1
638,1,0,0,1,0,1,0,1,0,0,1,0,0,0.23,2,1,2
639,1,0,0,0,1,0,0,0,0,1,1,1,0,0,1,2,3
640,1,0,0,1,0,1,0,1,0,0,1,1,0,0,9,4,5
641,1,0,0,1,0,1,0,0,1,0,0,1,0,0,3,1,3
642,1,0,0,1,0,1,0,0,0,1,1,1,0,0,5,1,4
643,1,0,0,0,1,1,1,0,0,0,1,0,1,0.73,5,3,3
644,1,0,0,1,0,1,0,1,0,0,1,0,1,0.68,2,1,7
645,1,0,1,0,0,1,1,0,0,0,0,0,1,0.17,3,1,7
646,1,0,0,1,0,1,0,0,0,1,0,1,0,0,11,1,1
647,1,0,0,0,0,1,0,0,1,0,1,1,0,1,1,1,1
648,1,0,0,1,0,1,1,0,0,0,1,1,0,0.77,5,7,1
649,1,0,1,0,0,1,0,0,0,1,0,0,1,0.26,1,1,1
650,1,0,0,0,1,1,0,1,0,0,0,0,1,0.96,3,3,3
651,1,0,0,1,0,1,0,1,0,0,0,1,0,0.88,3,5,2
652,1,0,0,1,0,1,0,0,1,0,0,0,0,0.04,5,1,1
653,1,0,0,0,0,1,0,0,0,1,1,1,0,0,2,1,3
654,1,0,1,0,0,1,1,0,0,0,0,1,0,0.09,11,3,5
655,1,0,0,0,0,1,0,0,0,1,1,1,0,0,2,1,1
656,1,0,0,0,1,1,0,1,0,0,0,0,1,0,1,2,7
657,1,0,0,1,0,1,0,0,1,0,1,0,0,0,7,1,1
658,1,0,0,0,1,1,0,1,0,0,0,0,0,0.05,8,1,6
659,1,0,0,1,0,1,0,0,1,0,0,1,0,0.86,2,2,1
660,1,0,0,0,1,1,0,0,1,0,1,1,0,0,3,1,1
661,1,0,0,0,1,1,0,1,0,0,1,1,0,0,9,7,4
662,1,0,1,0,1,1,0,1,0,0,0,1,0,0.95,6,3,4
663,1,0,0,1,0,1,0,0,0,1,1,1,0,0,11,1,1
664,1,0,0,1,0,1,0,1,0,0,1,0,1,1,1,4,1
665,1,0,0,0,1,1,0,1,0,0,1,1,0,1,1,7,3
666,1,0,0,0,0,1,0,1,0,0,0,1,0,0.73,4,5,1
667,1,0,0,0,1,1,0,1,0,0,0,0,1,1,6,1,2
668,1,0,0,1,0,1,0,0,1,0,0,0,1,1,5,1,4
669,1,0,0,0,1,0,0,1,0,0,1,1,0,0,1,1,2
670,1,0,0,1,0,1,0,1,0,0,1,0,0,0,5,1,1
671,1,0,0,0,1,1,0,1,0,0,1,1,0,0,1,7,1
672,1,0,0,0,0,1,0,1,0,0,1,0,1,0.23,1,1,3
673,1,0,0,0,1,1,0,1,0,0,1,1,0,1,3,3,3
674,1,0,0,1,0,1,0,0,1,0,1,0,1,0,2,1,1
675,1,0,0,0,1,1,0,1,0,0,1,1,0,0.95,1,5,1
676,1,0,0,1,0,1,0,0,0,1,1,0,0,0,3,1,1
677,1,0,0,0,1,1,0,1,0,0,1,1,0,0,2,5,5
678,1,0,0,0,0,0,0,0,0,1,1,0,0,0,3,1,1
679,1,0,0,1,0,1,0,1,0,0,0,1,0,0.82,2,5,4
680,1,0,1,0,1,1,0,1,0,0,1,1,0,0.77,5,3,3
681,1,0,0,0,0,1,0,1,0,0,1,1,0,0,1,1,3
682,1,0,0,1,0,1,0,0,1,0,1,1,0,0,11,1,1
683,1,0,0,1,0,1,0,0,1,0,0,0,1,0.64,3,3,7
684,1,0,0,1,0,1,0,0,1,0,1,0,0,0.18,11,2,4
685,1,0,0,1,0,1,0,0,1,0,0,1,0,0,6,1,1
687,1,0,0,0,0,0,0,0,1,0,1,0,0,0,2,1,2
688,1,0,0,1,0,0,0,1,0,0,1,0,0,0,5,1,1
689,1,0,0,0,1,1,0,0,1,0,0,0,1,0,8,1,1
690,1,0,0,0,0,1,0,0,1,0,0,1,0,0.91,1,1,1
691,1,0,1,0,1,1,0,1,0,0,1,1,0,0.77,3,1,1
692,1,0,0,0,0,1,0,0,0,1,1,1,0,0.2,7,1,1
693,1,0,0,1,0,1,0,0,1,0,1,1,0,0.91,1,1,1
694,1,0,0,0,1,1,0,1,0,0,1,1,0,0.95,4,1,1
695,1,0,0,1,0,1,0,0,1,0,1,0,1,0.14,2,3,4
696,1,0,1,0,0,1,0,1,0,0,1,0,1,0.64,2,1,1
697,1,0,0,0,1,1,0,0,1,0,0,0,1,0.21,4,2,2
698,1,0,0,0,0,1,0,1,0,0,0,1,0,0,2,1,1
699,1,0,0,0,0,1,0,1,0,0,0,0,1,0.41,7,1,1
700,1,0,0,0,1,1,0,1,0,0,0,0,1,0.5,3,5,4
701,1,0,0,1,0,1,0,0,1,0,1,1,0,0.36,2,2,1
702,1,0,0,0,1,1,0,0,1,0,1,1,0,0.18,3,1,2
703,1,0,0,1,0,1,0,0,1,0,1,1,0,0,1,1,1
704,1,0,0,1,0,1,0,1,0,0,1,1,0,0.05,1,5,1
705,1,0,0,0,1,1,0,0,1,0,1,0,1,0.64,5,4,4
706,1,0,0,0,1,1,0,0,0,1,1,1,0,0.13,2,7,6
707,1,0,0,0,0,1,0,1,0,0,0,1,0,0.09,2,2,1
708,1,0,0,0,0,1,0,1,0,0,1,0,1,0,1,1,5
709,1,0,0,0,1,1,0,0,1,0,0,0,1,0.45,3,2,2
710,1,0,0,0,1,1,0,1,0,0,0,0,1,0.56,3,1,2
711,1,0,0,0,0,1,1,0,0,0,1,1,0,1,11,1,6
712,1,0,1,0,0,1,0,0,0,1,0,1,0,0.25,5,1,1
713,1,0,0,0,0,1,0,1,0,0,1,0,0,0,3,2,1
714,1,0,0,0,1,1,0,1,0,0,0,0,1,0.95,1,2,6
715,1,0,0,1,0,1,0,0,1,0,1,1,0,0.09,3,3,2
716,1,0,0,0,0,1,0,1,0,0,1,0,1,0,3,6,1
717,1,0,0,1,0,0,0,0,1,0,1,0,1,0,4,2,1
718,1,0,0,0,0,1,0,0,1,0,1,1,0,0,5,1,1
719,1,0,0,0,0,1,0,0,1,0,1,1,0,0.82,3,1,3
720,1,0,0,0,0,0,0,0,0,1,1,0,1,0,1,1,1
721,1,0,0,0,0,1,1,0,0,0,1,0,1,0.32,1,4,1
722,1,0,0,1,0,1,0,1,0,0,1,1,0,0,6,1,1
723,1,0,0,1,0,1,0,0,1,0,1,0,1,0,2,1,1
724,1,0,0,0,0,1,0,0,0,1,0,0,1,0.33,2,1,1
725,1,0,0,1,0,1,0,1,0,0,1,1,0,0.29,1,1,1
726,1,0,0,0,0,1,0,1,0,0,1,1,0,0.27,11,1,1
727,1,0,0,1,0,1,0,0,1,0,1,0,1,0.32,3,1,7
728,1,0,0,1,0,1,0,0,1,0,0,1,0,0,3,2,1
729,1,0,0,0,1,1,0,0,1,0,0,1,0,0,9,1,1
730,1,0,0,1,0,1,0,0,1,0,1,1,0,0,1,1,3
731,1,0,0,0,0,0,0,0,0,1,1,0,0,0,2,1,1
732,1,0,0,0,1,1,0,0,0,1,1,1,0,0,4,2,6
733,1,0,0,1,0,1,0,1,0,0,1,1,0,0.64,2,7,6
734,1,0,0,0,1,1,0,0,0,1,0,1,0,0,3,1,1
735,1,0,1,0,0,1,0,0,1,0,0,1,0,1,1,1,3
736,1,0,0,0,1,0,0,1,0,0,1,1,0,0.24,1,1,1
737,1,0,0,0,0,1,0,0,1,0,1,1,0,0.36,1,1,5
738,1,0,0,0,1,1,0,0,1,0,1,1,0,0.23,1,1,3
739,1,0,0,0,1,1,0,1,0,0,1,0,1,1,6,1,1
740,1,0,0,0,1,1,0,1,0,0,1,1,0,0.96,1,7,1
741,1,0,0,1,0,1,0,0,1,0,0,1,0,0,6,1,2
742,1,0,0,0,0,1,0,1,0,0,1,0,1,0,11,6,1
743,1,0,1,1,0,1,0,1,0,0,0,0,1,0,4,4,1
744,1,0,1,0,0,0,0,1,0,0,1,0,1,0,2,1,1
745,1,0,0,0,0,0,0,0,0,1,1,0,1,0,3,1,1
746,1,0,1,0,0,1,0,1,0,0,1,1,0,1,5,1,1
747,1,0,0,1,0,1,0,1,0,0,1,0,1,0.95,5,4,2
748,1,0,0,1,0,1,0,1,0,0,1,1,0,0.52,1,1,6
749,1,0,1,0,1,1,0,0,0,1,0,0,1,0,4,1,2
750,1,0,1,0,0,1,0,0,0,1,1,0,0,0.21,1,7,1
751,1,0,0,0,1,1,0,0,1,0,0,1,0,0,1,3,6
752,1,0,0,0,1,1,0,0,1,0,0,1,0,0.82,5,1,3
754,1,0,0,0,1,1,0,1,0,0,1,1,0,0.64,1,1,7
755,1,0,0,1,0,0,0,1,0,0,1,1,0,0,4,3,1
756,1,0,0,0,1,0,0,0,0,1,1,1,0,0,3,1,1
757,1,0,1,0,0,1,0,0,1,0,0,0,1,0,11,1,1
758,1,0,0,0,0,1,0,1,0,0,1,1,0,0,2,2,4
759,1,0,0,1,0,1,0,1,0,0,1,1,0,0.23,5,1,2
760,1,0,0,0,1,0,0,0,1,0,1,0,0,1,5,1,3
761,1,0,0,1,0,1,0,1,0,0,0,1,0,1,3,7,1
762,1,0,0,1,0,1,0,0,1,0,1,0,0,0,2,1,3
763,1,0,0,0,0,0,0,0,0,1,1,1,0,0,6,1,3
764,1,0,0,0,0,0,0,0,0,1,0,1,0,0,11,1,1
765,1,0,0,1,0,1,0,1,0,0,1,0,1,0,11,1,1
766,1,0,0,1,0,1,0,0,1,0,1,0,0,0,2,1,1
767,1,0,0,1,0,0,0,0,1,0,1,1,0,0,6,1,1
768,1,0,0,1,0,1,0,0,0,1,1,0,1,0.45,1,1,3
769,1,0,0,0,0,1,0,0,1,0,0,0,1,0,2,1,1
770,1,0,0,1,0,1,0,0,1,0,0,1,0,0.09,6,2,3
771,1,0,0,1,0,1,0,1,0,0,0,1,0,0.04,4,1,4
772,1,0,0,1,0,1,0,1,0,0,1,1,0,0.43,2,1,1
773,1,0,0,0,1,0,0,0,0,1,0,1,0,0,1,1,1
774,1,0,0,0,0,0,0,0,0,1,1,0,1,0,3,1,1
775,1,0,0,0,0,1,1,0,0,0,1,0,1,0,9,1,1
776,1,0,0,1,0,0,0,0,1,0,1,1,0,0.16,6,1,1
777,1,0,0,0,0,0,0,0,0,1,0,1,0,0,1,1,3
778,1,0,0,1,0,1,0,0,1,0,0,0,1,0.05,4,2,7
779,1,0,0,0,0,1,0,0,1,0,1,1,0,0,6,1,1
780,1,0,0,0,0,1,0,0,1,0,1,0,1,0,11,1,4
781,1,0,0,0,1,1,0,0,0,1,0,1,0,0,5,1,1
782,1,0,1,0,1,1,0,0,0,1,0,1,0,0,11,1,1
783,1,0,1,0,1,1,0,0,1,0,0,1,0,1,4,1,1
784,1,0,0,1,0,0,0,0,0,1,0,1,0,0,3,1,5
785,1,0,0,0,0,0,0,0,0,1,0,1,0,0,2,1,1
786,1,0,0,0,0,1,0,1,0,0,1,1,0,0,7,1,1
787,1,0,0,0,0,1,0,1,0,0,1,0,1,0.22,1,1,7
788,1,0,0,0,1,1,0,0,0,1,1,1,0,0,5,1,6
789,1,0,0,0,1,0,0,0,1,0,0,1,0,0.2,5,1,7
790,1,0,0,0,0,0,0,0,0,1,0,1,0,0,9,1,3
791,1,0,1,0,0,1,0,1,0,0,1,0,0,0,5,1,1
792,1,0,1,0,0,0,0,0,0,1,0,0,1,0,2,1,3
793,1,0,0,0,0,0,0,0,0,1,1,0,0,0,1,1,1
794,1,0,1,1,0,1,0,1,0,0,1,1,0,1,2,1,1
795,1,0,1,1,0,1,1,0,0,0,0,0,1,1,2,1,1
796,1,0,0,0,0,0,0,0,1,0,1,0,0,0,1,1,5
797,1,0,0,0,0,1,0,0,1,0,1,1,0,0.05,5,1,2
799,1,0,1,0,1,1,0,1,0,0,1,1,0,1,1,4,5
800,1,0,0,1,0,1,0,0,1,0,1,1,0,0,4,1,1
801,1,0,0,0,0,0,1,0,0,0,1,0,1,0,2,3,2
802,1,0,0,1,0,0,0,0,0,1,0,1,0,0,1,1,1
803,1,0,0,1,0,1,0,0,1,0,0,0,1,0.47,3,1,7
804,1,0,0,0,1,1,0,1,0,0,0,1,0,0.92,1,7,1
805,1,0,0,1,0,1,0,0,1,0,1,1,0,0,6,1,6
806,1,0,0,0,0,0,0,0,0,1,1,1,0,0,3,1,1
807,1,0,1,0,0,0,0,1,0,0,0,0,1,0,1,7,1
808,1,0,1,1,0,1,0,0,0,1,0,1,0,1,3,1,1
809,1,0,0,0,0,0,0,0,0,1,1,0,1,0,1,1,1
810,1,0,0,0,0,1,1,0,0,0,0,1,0,0,1,5,2
811,1,0,0,1,0,0,0,0,0,1,0,1,0,0,4,1,1
812,1,0,0,0,1,1,0,1,0,0,0,0,1,1,3,6,6
813,1,0,0,0,0,0,0,0,0,1,0,0,0,0,2,1,1
814,1,0,1,0,0,0,0,0,0,1,1,1,0,0,1,1,1
815,1,0,0,1,0,0,0,1,0,0,0,1,0,0.08,5,3,5
816,1,0,0,0,0,1,0,0,0,1,1,0,1,0.23,5,1,2
817,1,0,0,0,0,1,0,1,0,0,1,1,0,0.8,1,1,1
818,1,0,0,0,0,1,0,1,0,0,0,1,0,0,6,1,3
819,1,0,0,0,0,0,0,0,0,1,1,1,0,0,6,6,1
820,1,0,0,0,0,0,0,1,0,0,0,0,0,0.14,11,2,1
821,1,0,0,0,0,1,1,0,0,0,0,0,1,0,4,6,1
822,1,0,1,0,0,1,1,0,0,0,1,0,1,0.83,2,1,1
823,1,0,0,1,0,0,0,0,1,0,1,0,0,0,1,1,5
824,1,0,0,0,0,0,0,0,0,1,1,0,1,0,11,2,4
825,1,0,0,0,0,1,0,0,1,0,0,1,0,0,11,1,1
826,1,0,0,1,0,0,0,1,0,0,1,1,0,0,1,3,7
827,1,0,0,0,0,1,1,0,0,0,0,1,0,0,11,1,1
828,1,0,0,1,0,1,0,1,0,0,1,1,0,1,1,3,1
829,1,0,0,0,0,1,0,0,0,1,1,1,0,0,3,2,1
830,1,0,0,0,1,0,0,0,1,0,0,1,0,0,1,1,1
831,1,0,0,1,0,1,0,1,0,0,1,0,0,0,3,1,1
832,1,0,0,0,0,1,0,1,0,0,1,1,0,0,3,2,1
833,1,0,0,0,1,0,0,0,0,1,1,1,0,0,2,1,1
834,1,0,0,1,0,1,0,1,0,0,0,1,0,0.33,11,1,1
835,1,0,0,0,1,1,0,1,0,0,0,0,0,0.77,9,1,3
836,1,0,0,0,1,1,0,1,0,0,1,1,0,1,11,6,6
837,1,0,0,0,0,0,0,0,0,1,1,1,0,0,11,1,1
838,1,0,0,1,0,1,0,1,0,0,0,0,0,0,4,1,1
839,1,0,0,0,1,0,0,0,1,0,1,0,1,1,9,3,3
840,1,0,0,0,0,0,0,0,1,0,1,1,0,0,11,1,1
841,1,0,0,0,0,0,0,0,1,0,1,0,1,0,1,1,1
842,1,0,0,0,1,0,0,0,0,1,0,0,0,0,1,1,1
843,1,0,0,0,0,0,0,1,0,0,1,0,1,0,1,7,1
844,1,0,0,0,0,1,0,0,0,1,0,1,0,1,1,1,1
845,1,0,0,1,0,1,0,0,0,1,1,1,0,1,6,4,4
846,1,0,0,0,1,1,0,1,0,0,0,1,0,0.6,4,6,1
847,1,0,1,0,1,1,0,0,1,0,1,1,0,0.09,4,7,1
848,1,0,0,0,0,0,0,0,0,1,1,0,0,0,3,1,2
850,1,0,0,0,1,1,0,0,1,0,1,1,0,0.75,1,1,2
851,1,0,0,0,0,0,0,0,0,1,0,0,1,0,11,2,1
852,1,0,0,0,1,1,0,1,0,0,0,1,0,1,1,1,1
853,1,0,1,1,0,1,0,0,0,1,0,1,0,0.55,3,3,1
854,1,0,0,0,1,1,0,1,0,0,0,1,0,0,6,1,1
855,1,0,0,0,0,0,0,1,0,0,0,1,0,0,3,1,1
856,1,0,0,0,1,1,0,0,1,0,0,1,0,0.52,2,1,4
857,1,0,0,0,1,1,0,1,0,0,1,1,0,1,1,6,4
858,1,0,0,0,0,1,0,0,1,0,1,1,0,1,2,2,2
859,1,0,0,1,0,1,0,0,0,1,1,1,0,0.5,8,3,1
860,1,0,0,0,1,1,0,0,1,0,0,1,0,0,1,1,2
861,1,0,0,1,0,0,0,0,0,1,0,0,1,0,1,1,1
862,1,0,0,0,1,1,1,0,0,0,1,1,0,0,3,7,1
863,1,0,0,0,0,0,0,0,0,1,0,1,0,0,1,1,7
864,1,0,0,0,0,0,0,1,0,0,1,1,0,0,3,7,5
865,1,0,0,1,0,1,0,0,1,0,1,1,0,0.09,1,6,1
866,1,0,0,0,1,0,0,0,0,1,0,1,0,0,2,1,1
867,1,0,0,0,1,1,0,0,1,0,1,1,0,0.47,6,1,7
868,1,0,0,0,0,0,0,1,0,0,1,0,1,0,5,1,1
869,1,0,0,0,1,1,0,0,1,0,1,1,0,0.09,1,1,1
870,1,0,0,1,0,1,0,1,0,0,1,0,0,0,2,1,1
872,1,0,0,0,0,1,0,1,0,0,1,1,0,0,3,1,1
873,1,0,0,0,0,0,0,0,0,1,0,0,0,0,3,1,1
874,1,0,0,0,1,1,0,1,0,0,1,1,0,0.55,1,5,1
875,1,0,0,0,0,0,0,0,0,1,0,0,0,0,9,1,1
876,1,0,0,0,0,1,0,1,0,0,1,1,0,0,5,5,1
877,1,0,0,0,0,0,0,0,0,1,1,1,0,0,1,2,1
878,1,0,0,0,1,1,0,0,1,0,0,1,0,0.68,3,1,1
879,1,0,1,0,1,0,0,0,1,0,1,0,1,0,11,6,1
880,1,0,0,1,0,1,0,0,1,0,1,1,0,0,2,1,5
881,1,0,0,0,1,1,0,1,0,0,0,1,0,1,1,7,7
882,1,0,0,0,1,1,0,1,0,0,1,1,0,0,9,3,4
883,1,0,0,1,0,0,0,0,0,1,0,0,1,0,3,1,1
884,1,0,0,0,1,1,0,1,0,0,0,1,0,0.41,6,3,1
885,1,0,0,1,0,1,0,0,1,0,0,0,0,0.18,3,1,1
886,1,0,0,0,0,1,0,0,1,0,0,0,0,0,2,1,1
887,1,0,0,1,0,0,0,0,0,1,0,1,0,0,3,1,2
888,1,0,0,0,0,1,0,1,0,0,1,1,0,1,1,1,1
889,1,0,0,0,0,0,0,0,0,1,1,0,0,0,3,1,1
890,1,0,0,0,0,1,0,0,1,0,0,1,0,0,6,6,6
891,1,0,0,0,0,1,1,0,0,0,0,1,0,0,11,1,5
892,1,0,0,0,1,1,0,0,1,0,0,1,0,0.55,3,1,2
893,1,0,0,0,1,1,0,1,0,0,0,1,0,0.68,3,1,4
895,1,0,0,0,0,0,0,0,0,1,0,1,0,0,4,1,1
896,1,0,0,0,1,1,0,1,0,0,1,1,0,0.45,1,5,1
897,1,0,0,1,0,1,0,0,1,0,0,1,0,0,1,7,1
898,1,0,0,0,1,1,0,0,0,1,0,0,1,0,11,1,7
899,1,0,0,0,0,0,0,0,0,1,1,1,0,0,3,1,2
900,1,0,0,0,0,0,0,0,0,1,1,0,1,0,3,1,1
901,1,0,0,1,0,1,0,0,1,0,0,1,0,0,3,1,2
902,1,0,0,0,0,1,0,0,0,1,0,0,0,0,6,1,1
903,1,0,0,0,1,1,0,1,0,0,1,1,0,0.15,6,1,1
904,1,0,0,1,0,1,0,0,1,0,0,1,0,0,4,1,1
905,1,0,0,1,0,1,0,0,1,0,1,1,0,1,4,3,2
906,1,0,0,0,0,1,0,0,1,0,1,1,0,1,2,7,1
907,1,0,0,0,1,0,0,0,0,1,0,1,0,0,5,1,3
908,1,0,0,0,0,0,0,0,0,1,1,0,0,0,1,1,3
909,1,0,0,0,1,1,0,1,0,0,1,1,0,0.82,1,2,5
910,1,0,0,0,0,1,0,1,0,0,0,0,1,0.82,11,1,1
911,1,0,1,0,0,0,0,0,0,1,0,1,0,0.13,6,1,1
912,1,0,1,0,1,1,0,1,0,0,1,0,1,0.05,1,2,1
913,1,0,0,0,0,1,0,0,1,0,0,1,0,0,6,1,1
914,1,0,0,0,1,1,0,0,1,0,1,1,0,0.24,2,2,5
915,1,0,0,0,0,0,0,0,0,1,1,0,1,0,1,1,1
916,1,0,0,0,1,1,0,0,1,0,0,0,0,1,4,1,3
917,1,0,0,0,0,1,1,0,0,0,1,1,0,0,4,3,2
918,1,0,0,0,1,1,0,1,0,0,0,1,0,1,1,7,1
919,1,0,0,0,1,1,0,0,1,0,1,1,0,0.23,3,3,2
920,1,0,0,0,0,0,0,0,0,1,0,1,0,0,11,1,2
921,1,0,0,1,0,1,0,0,1,0,1,1,0,0,5,3,1
922,1,0,1,0,1,0,0,0,1,0,0,0,1,0,1,1,4
923,1,0,0,0,1,1,0,1,0,0,0,1,0,1,2,1,3
925,1,0,0,1,0,1,0,0,1,0,0,1,0,0.23,6,1,3
926,1,0,0,0,0,1,0,1,0,0,1,0,1,0.91,4,6,6
927,1,0,0,0,0,1,0,1,0,0,0,1,0,0,10,1,7
928,1,0,0,0,0,1,0,1,0,0,0,1,0,1,1,5,1
929,1,0,0,0,0,1,0,0,1,0,1,1,0,0.15,1,1,1
930,1,0,0,0,0,1,0,0,0,1,0,1,0,0,5,1,1
931,1,0,0,0,0,0,0,0,0,1,1,0,0,0,6,1,1
933,1,0,0,0,0,0,0,0,0,1,0,1,0,0,4,1,1
934,1,0,0,1,0,0,0,1,0,0,0,0,1,0,5,2,1
935,1,0,0,0,0,0,0,1,0,0,0,0,1,0,1,1,1
936,1,0,0,0,1,1,0,1,0,0,1,1,0,0,7,1,2
937,1,0,0,0,1,0,0,0,1,0,0,1,0,0,1,1,5
938,1,0,0,0,1,1,0,0,1,0,0,1,0,1,6,1,1
939,1,0,0,0,0,0,0,0,0,1,0,1,0,0,3,1,2
940,1,0,0,1,0,1,0,0,1,0,1,1,0,0.64,3,3,3
941,1,0,0,0,0,0,0,0,0,1,1,1,0,0.25,7,1,1
942,1,0,0,0,1,1,0,0,1,0,1,1,0,0,2,1,3
943,1,0,0,0,0,0,0,0,0,1,1,0,0,0,1,1,1
944,1,0,0,0,0,1,0,0,0,1,1,0,0,0,7,1,1
945,1,0,0,0,1,0,0,1,0,0,1,0,1,1,2,3,4
946,1,0,0,0,0,0,0,0,1,0,0,1,0,0,3,1,1
947,1,0,0,1,0,0,0,0,0,1,0,1,0,0,5,3,2
948,1,0,0,0,0,0,0,1,0,0,1,0,1,0,1,6,6
949,1,0,0,1,0,1,0,0,1,0,1,1,0,0.36,2,1,2
950,1,0,0,1,0,1,0,0,1,0,1,0,0,0,3,1,2
951,1,0,0,0,1,1,0,1,0,0,0,1,0,0.92,2,2,1
952,1,0,0,0,0,0,0,0,0,1,1,1,0,0,2,1,1
953,1,0,0,0,0,0,0,0,0,1,1,0,1,0,9,5,1
954,1,0,0,1,0,1,0,1,0,0,1,1,0,0.05,6,4,3
955,1,0,0,1,0,0,0,0,1,0,1,0,0,0,1,1,1
956,1,0,0,0,0,0,0,0,0,1,0,1,0,0,11,1,1
957,1,0,0,0,0,0,0,0,0,1,1,1,0,0,11,1,3
958,1,0,1,1,0,1,0,0,1,0,1,0,0,1,3,3,3
959,1,0,0,0,0,1,1,0,0,0,0,1,0,1,1,1,6
960,1,0,0,0,1,1,0,0,1,0,0,1,0,1,3,3,1
961,1,0,0,1,0,1,0,0,1,0,0,0,0,0.19,5,1,1
962,1,0,0,0,0,1,1,0,0,0,0,0,1,0.09,5,1,1
963,1,0,1,0,0,0,0,0,1,0,1,1,0,1,3,1,4
964,1,0,0,0,0,0,0,0,0,1,0,1,0,0,5,2,1
965,1,0,0,0,0,0,0,0,0,1,1,0,1,0,1,4,1
966,1,0,0,0,0,0,0,0,0,1,1,0,0,0,3,1,1
967,1,0,1,0,1,0,0,1,0,0,1,0,1,0,11,1,1
968,1,0,0,0,0,0,1,0,0,0,1,1,0,0.73,5,3,3
969,1,0,0,0,1,1,0,1,0,0,1,0,1,0.95,5,4,1
970,1,0,0,1,0,1,0,0,1,0,0,0,0,0,9,1,1
971,1,0,0,0,1,1,0,1,0,0,0,1,0,1,6,7,1
972,1,0,0,0,0,0,0,0,0,1,1,1,0,0,1,2,4
973,1,0,0,0,0,0,0,0,0,1,0,0,0,0,2,1,1
974,1,0,0,1,0,1,0,0,1,0,1,1,0,0.18,11,1,1
975,1,0,0,0,1,1,0,1,0,0,0,0,1,0.17,3,2,4
976,1,0,1,0,0,1,1,0,0,0,0,0,1,0.36,3,3,1
977,1,0,0,0,0,0,0,0,0,1,1,1,0,0,2,1,1
978,1,0,0,0,1,1,0,0,1,0,1,1,0,0,2,7,1
979,1,0,0,0,0,0,0,1,0,0,0,0,1,0.13,1,1,1
980,1,0,0,0,1,0,0,1,0,0,0,0,0,0,9,1,1
981,1,0,0,0,0,0,0,0,0,1,0,1,0,0,11,1,1
982,1,0,0,0,1,1,0,0,1,0,1,1,0,0.36,4,7,5
983,1,0,0,0,0,0,0,0,0,1,0,1,0,0,2,1,1
984,1,0,0,1,0,1,0,1,0,0,0,0,1,0,3,7,1
985,1,0,0,0,1,0,0,0,0,1,0,1,0,0,2,1,1
986,1,0,0,0,1,1,0,0,1,0,1,0,1,1,4,1,7
987,1,0,0,0,0,1,0,0,1,0,1,1,0,1,7,3,2
988,1,0,0,1,0,1,0,0,1,0,0,0,0,0,6,1,4
989,1,0,0,1,0,1,0,0,1,0,1,1,0,0,11,1,3
990,1,0,1,0,0,0,0,0,0,1,1,1,0,0,1,1,1
991,1,0,0,0,1,1,0,1,0,0,1,1,0,0.38,2,7,6
992,1,0,0,1,0,1,0,1,0,0,0,1,0,1,1,3,7
993,1,0,0,1,0,1,0,1,0,0,1,1,0,0,11,1,2
994,1,0,0,0,0,1,0,1,0,0,1,0,0,0,3,1,1
995,1,0,0,0,0,1,0,0,0,1,1,0,1,0,1,1,5
996,1,0,0,0,0,0,0,0,1,0,1,1,0,0,5,1,2
997,1,0,0,0,0,1,0,1,0,0,1,1,0,1,1,2,6
998,1,0,0,1,0,1,0,1,0,0,0,1,0,1,2,1,2
999,1,0,0,0,1,0,0,0,0,1,1,0,0,0,1,3,2
1001,1,0,0,0,1,1,0,0,1,0,0,1,0,0.91,1,5,1
1002,1,0,0,0,0,1,0,0,1,0,1,0,0,0,3,1,1
1003,1,0,0,1,0,1,0,0,1,0,1,1,0,0.96,9,1,1
1004,1,0,0,0,1,1,0,1,0,0,1,1,0,0,11,5,2
1005,1,0,0,1,0,0,0,0,1,0,0,0,0,0,1,1,5
1006,1,0,0,0,0,0,0,0,0,1,1,1,0,0,5,1,1
1007,1,0,0,0,0,1,0,0,1,0,0,1,0,0,11,1,4
1008,1,0,0,1,0,1,0,1,0,0,1,1,0,0.14,11,1,1
1009,1,0,0,0,0,1,0,1,0,0,1,1,0,0,1,1,5
1010,1,0,0,0,0,0,0,0,0,1,0,1,0,0,4,1,1
1011,1,0,0,0,1,1,0,1,0,0,0,1,0,0.52,6,7,4
1012,1,0,0,0,0,0,0,0,0,1,1,1,0,0,11,1,1
1013,1,0,0,0,0,1,0,1,0,0,1,1,0,0,2,1,2
1014,1,0,0,1,0,1,0,0,1,0,0,1,0,1,4,3,3
1015,1,0,1,0,0,0,0,0,1,0,1,1,0,0,1,1,1
1016,1,0,0,0,0,1,0,0,0,1,1,0,1,0.36,1,1,1
1017,1,0,0,0,0,1,0,1,0,0,0,1,0,0,2,1,2
1018,1,0,0,0,0,1,0,0,0,1,1,0,0,0,1,1,1
1019,1,0,0,1,0,1,0,0,1,0,1,1,0,0,5,1,5
1020,1,0,0,1,0,1,0,1,0,0,1,1,0,0,1,1,4
1021,1,0,0,0,0,0,1,0,0,0,1,1,0,0,4,3,1
1022,1,0,0,0,0,1,0,0,1,0,1,1,0,1,1,7,5
1023,1,0,0,0,1,0,0,0,1,0,0,0,0,0.17,2,7,1
1024,1,0,0,0,0,0,0,0,1,0,0,0,1,0,11,1,1
1025,1,0,0,1,0,1,0,0,1,0,0,1,0,0.11,11,1,3
1026,1,0,1,0,0,0,0,0,1,0,0,1,0,0,7,1,1
1027,1,0,0,1,0,0,0,1,0,0,1,1,0,0.12,3,1,1
1028,1,0,0,0,0,0,0,0,0,1,1,1,0,0,1,1,1
1029,1,0,0,1,0,1,0,1,0,0,1,1,0,0,6,2,1
1030,1,0,0,1,0,0,0,0,0,1,0,0,1,0,5,1,1
1031,1,0,0,0,0,1,0,0,1,0,1,1,0,0,2,1,3
1032,1,0,0,0,0,0,0,1,0,0,0,1,0,0,2,5,1
1033,1,0,0,0,0,1,0,1,0,0,1,1,0,0,5,2,1
1034,1,0,0,0,1,1,0,0,1,0,1,1,0,0,11,3,1
1035,1,0,0,1,0,1,0,0,1,0,0,0,0,1,5,1,1
1036,1,0,0,0,0,1,0,0,1,0,1,0,0,0,5,1,4
1037,1,0,1,0,0,1,1,0,0,0,0,0,1,0,2,5,4
1038,1,0,1,0,1,1,0,0,1,0,0,0,1,1,2,1,1
1039,1,0,0,1,0,1,0,0,0,1,0,0,0,0,6,3,1
1040,1,0,0,0,0,0,0,0,1,0,1,0,0,0,9,1,4
1041,1,0,0,0,0,1,0,1,0,0,0,0,1,0,3,1,5
1042,1,0,0,0,0,1,1,0,0,0,1,1,0,0,2,1,1
1043,1,0,1,0,0,1,0,0,0,1,1,0,1,1,1,3,1
1044,1,0,0,1,0,0,0,0,0,1,0,0,0,0,11,1,1
1045,1,0,0,0,1,0,0,0,0,1,1,1,0,0,6,2,2
1046,1,0,1,0,1,1,0,0,1,0,0,1,0,1,1,1,6
1047,1,0,0,0,0,1,0,0,0,1,1,1,0,0,3,1,1
1048,1,0,0,0,1,1,0,0,1,0,0,1,0,0,3,1,1
1049,1,0,0,0,0,1,0,1,0,0,0,0,0,1,5,1,1
1050,1,0,0,0,0,0,0,0,0,1,0,1,0,0,5,1,1
1051,1,0,0,1,0,0,0,0,0,1,0,1,0,0,2,1,3
1052,1,0,0,0,1,1,0,0,1,0,0,0,0,0.05,11,1,1
1053,1,0,0,0,1,1,0,0,1,0,0,0,0,0,2,3,3
1054,1,0,0,0,1,0,0,0,0,1,0,0,1,0,5,1,3
1055,1,0,0,1,0,1,0,0,1,0,0,0,1,1,2,5,1
1056,1,0,0,0,1,1,0,1,0,0,0,1,0,1,4,3,2
1057,1,0,1,0,1,1,0,0,0,1,0,0,1,0.09,6,1,6
1058,1,0,0,0,0,0,0,0,0,1,1,1,0,0,4,1,1
1059,1,0,0,0,1,1,0,0,1,0,0,1,0,1,2,2,4
1060,1,0,0,0,1,1,0,1,0,0,0,0,1,0.95,5,4,1
1061,1,0,0,1,0,1,0,1,0,0,1,1,0,0,2,2,5
1062,1,0,1,0,1,1,0,1,0,0,1,1,0,0.55,4,1,5
1063,1,0,0,0,1,1,0,0,1,0,0,1,0,0,2,5,1
1064,1,0,0,1,0,1,0,0,1,0,0,0,1,0,6,1,1
1065,1,0,1,0,0,0,0,0,0,1,1,1,0,0,5,1,1
1067,1,0,0,0,0,1,1,0,0,0,1,0,1,0,3,3,1
1068,1,0,0,0,1,1,0,0,1,0,0,1,0,0.12,6,1,3
1069,1,0,0,0,0,0,0,0,0,1,0,0,0,0,7,1,5
1070,1,0,0,1,0,1,1,0,0,0,0,1,0,0.09,3,1,3
1071,1,0,0,1,0,1,0,1,0,0,0,1,0,0.19,6,1,7
1072,1,0,0,0,1,1,0,1,0,0,1,0,1,1,2,1,4
1073,1,0,0,0,0,0,0,0,1,0,0,0,0,0,1,1,1
1074,1,0,0,0,0,0,0,0,0,1,0,0,0,0,1,1,1
1075,1,0,1,0,0,1,0,1,0,0,0,0,0,0.82,5,1,1
1076,1,0,0,1,0,1,0,0,1,0,1,1,0,1,1,3,1
1077,1,0,0,0,0,1,0,0,0,1,1,1,0,1,1,1,6
1078,1,0,1,0,0,1,0,1,0,0,1,0,1,0.82,1,1,1
1079,1,0,0,0,1,1,0,0,1,0,1,1,0,0,4,3,2
1080,1,0,0,0,0,0,0,0,0,1,0,1,0,0,1,1,1
1081,1,0,1,1,0,0,0,0,0,1,0,0,1,0,5,3,1
1082,1,0,0,0,0,1,0,1,0,0,1,1,0,0,11,1,6
1083,1,0,0,0,0,0,0,0,0,1,1,0,0,0,6,1,1
1084,1,0,0,1,0,1,0,0,0,1,0,1,0,0.63,2,2,2
1085,1,0,0,0,1,1,0,0,1,0,1,1,0,1,1,3,1
1086,1,0,0,1,0,1,0,1,0,0,0,0,1,0.82,9,2,2
1087,1,0,0,0,0,0,0,1,0,0,0,1,0,0,1,1,1
1088,1,0,0,0,1,1,0,1,0,0,1,1,0,0,5,1,3
1089,1,0,0,0,1,1,0,1,0,0,0,1,0,0.26,3,2,1
1090,1,0,0,1,0,1,0,1,0,0,0,0,1,1,3,1,2
1091,1,0,1,0,1,1,0,0,0,1,1,0,1,1,5,1,3
1092,1,0,0,1,0,1,0,0,1,0,1,0,1,1,6,3,6
1093,1,0,0,0,0,1,0,0,1,0,1,1,0,0,1,1,1
1094,1,0,0,0,0,1,0,0,0,1,0,1,0,0.36,9,3,3
1095,1,0,0,0,0,1,0,0,1,0,1,0,0,0,3,1,1
1096,1,0,0,0,1,1,0,0,1,0,0,1,0,0,11,5,1
1097,1,0,1,1,0,1,0,0,1,0,0,0,1,0.91,1,1,1
1098,1,0,0,1,0,1,0,0,0,1,0,1,0,1,10,6,1
1099,1,0,0,1,0,0,0,0,0,1,0,0,1,0.25,4,3,2
1100,1,0,0,1,0,1,0,0,1,0,1,0,1,1,7,2,1
1102,1,0,0,0,0,0,0,0,0,1,0,0,0,0,1,3,4
1103,1,0,0,0,0,1,0,0,0,1,1,1,0,0.5,11,1,1
1104,1,0,0,1,0,1,0,0,1,0,1,1,0,0,3,1,2
1105,1,0,1,0,0,1,0,0,0,1,0,1,0,0,6,1,1
1106,1,0,0,0,1,1,0,0,1,0,1,1,0,0.36,3,1,1
1107,1,0,0,1,0,1,0,1,0,0,0,1,0,1,1,1,7
1108,1,0,0,0,1,0,0,0,1,0,1,1,0,0,4,1,3
1109,1,0,0,0,1,1,0,0,1,0,1,1,0,1,6,1,6
1110,1,0,0,1,0,1,0,0,1,0,0,1,0,0.77,2,1,2
1111,1,0,0,0,0,0,0,1,0,0,1,1,0,0,7,1,1
1112,1,0,1,0,0,1,1,0,0,0,0,0,1,0.3,6,6,1
1113,1,0,0,0,1,1,0,1,0,0,1,0,1,1,11,1,1
1114,1,0,0,1,0,0,0,0,1,0,0,1,0,0,11,1,1
1115,1,0,0,1,0,0,0,0,1,0,1,1,0,0,3,1,1
1116,1,0,0,0,1,0,0,1,0,0,0,1,0,0,6,6,1
1117,1,0,1,0,0,1,0,1,0,0,0,1,0,0.86,3,2,1
